relative_path,size_bytes,sha256
00_CONTROL\S10_ANALYZEHEADLESS_LOG.txt,4560,EC3EA4A0EEF7A270DFC04F651700557FA68485F7696F343F439A82160DCB4607
00_CONTROL\s10_lookup_callers.py,4901,A86A13EBDB82C3D86E7E559C4D73A1CE61A08770E509A5068AEFE7EE10B16CD9
00_CONTROL\S10_SCRIPT_SHA256.txt,66,D2C83FA52FCCE14F408BB77B0E4FEC0B9377FB095C71F07B5908113D88F240CB
00_CONTROL\S11_ANALYZEHEADLESS_LOG.txt,3509,8401EC2C2EF7042538EB940D3A42344A344B8D5CB679D13F3DACDE9DA692B31F
00_CONTROL\s11_nif_classifier_dispatcher.py,5657,41D6ABC29B35E29891C453AA8254EA59D2E983AF5E88FB34C1657F9FAA13B1DC
00_CONTROL\S11_SCRIPT_SHA256.txt,66,AB2CAAE2B904FADCEAFA02F603297C0526BD9AAEBE72E91685D407A92B2E3898
00_CONTROL\S12_ANALYZEHEADLESS_LOG.txt,3522,48920537ABB9FDE1B7BFDDEC02C31F399026FB92892BF34B8CB1FD77A642A140
00_CONTROL\s12_a_recipient.py,6148,AEEDE9332B1D39650EA3D5A38A3DC3F5FF86BFF5691C7EC13636FCBE06031529
00_CONTROL\S12_SCRIPT_SHA256.txt,66,C34FFAF66A714FC4E140EF9C5AC56638075CED609BCE65EA72D87838F25A1E19
00_CONTROL\S13_ANALYZEHEADLESS_LOG.txt,4736,CF898DD2317A6247A5C113894DB5A944A0480D78FD59B0BDE73061D7DF1EE16C
00_CONTROL\s13_emitter_builder.py,4997,4A1C27F8D2D67B0BF578D8E70B9E75DD9434485D8090758C84485D055094EA08
00_CONTROL\S13_SCRIPT_SHA256.txt,66,8B7EE67B3B777C658F330013699CF4AB320965FE098517E536D2D3DDE6409E21
00_CONTROL\S14_ANALYZEHEADLESS_LOG.txt,4390,7F3EA21B2C9DD63E3CDCD0939F5DB81232050A06F0E14530E33F129A99AD0E3B
00_CONTROL\s14_rm_registration.py,4580,809A746E9E9975E5521944CF438B1F423DC4E664C58E5C8D838DA05552627426
00_CONTROL\S14_SCRIPT_SHA256.txt,66,4096F03F6B4B04FDAE86597A4846D672BB5FAD25EC7EFFD0465B2DF5A1409941
00_CONTROL\S15_ANALYZEHEADLESS_LOG.txt,5658,E08AC234482FB320F3B2FA75E0C8EB1462005D59A4C5653A90A8210D00C2BB0E
00_CONTROL\s15_loader_table.py,4702,1A7621ADFC4ACBDAB7E01EFE90E37EAB4A6A72AB2E22E4720424D3ECF56622DB
00_CONTROL\S15_SCRIPT_SHA256.txt,66,0D9264265E7107CFA5037B28E44FE3E472577445DF51AE37383784942D502B19
00_CONTROL\S16_ANALYZEHEADLESS_LOG.txt,3584,B146125BD2D32BFF23516F1E4E83D29057290BF5C2EA849591381A122BE52008
00_CONTROL\s16_loader_methods.py,5412,3E812A29AD0DEB1733D9A3AE8443F23B2C2CCB8CDEA164A1F857E941FAE183CB
00_CONTROL\S16_SCRIPT_SHA256.txt,66,43C920E41173503073B6F65735914F0562F8454B00367E0C786509038C20D2EA
00_CONTROL\S17_ANALYZEHEADLESS_LOG.txt,3697,776994D333B506C1352C5A6C136FA288FB7168F5DBCB13DA32B4724D42F658BD
00_CONTROL\s17_resolver_last_link.py,6044,49340D57B5F771EA544ECE78E32A9303AF43EC60C0168E258BA3F4EFDDC4F39D
00_CONTROL\S17_SCRIPT_SHA256.txt,66,6EA6D49D21243BB2E00D9CDC8FB93904B93FD6DBBB527D4DA22A66A8D3CF5A92
00_CONTROL\S18_ANALYZEHEADLESS_LOG.txt,3560,0665B470103FEE1105D90F69B93F1EF492D4AB078DE982B01A474BE70220A8CE
00_CONTROL\s18_bnt2_store.py,6349,B4CE815ECB29815EFF61719B8A4785FA95E24763772E6F5A023183C73B2EF379
00_CONTROL\S18_SCRIPT_SHA256.txt,66,67CD0B1A055E4B6F7944041E33D2B4902B3B58D2668609F30588D811D3BE0DB2
00_CONTROL\S19_ANALYZEHEADLESS_LOG.txt,4213,50C8B62B6DE1DBBC35146B886E08715C463BA63A1505EFABF83A0FC745725A3A
00_CONTROL\s19_dispatcher_callers.py,4500,EE6F51545178E0818061BC36309033D71F28C3A696C14A45D4F6B88DC6AF6E18
00_CONTROL\S19_SCRIPT_SHA256.txt,66,7D8EFE1E8496BB1801B71FE94D34BE821B1E452378A1F8388ACCDF1027458501
00_CONTROL\s1_anchor_verify.py,10830,0CE9104F2936C1EE455FF6373244087FF8C64C677D9C6E68D5F44A9647ACBDD2
00_CONTROL\S1_SCRIPT_SHA256.txt,66,D53BF260D969CF89252DE1834C689EA0E3453B604056F32F9C3D1247622EB401
00_CONTROL\S20_ANALYZEHEADLESS_LOG.txt,4060,14F1FB223B80E4D0AF1C22F633404E227E8C4448F01769E73B664AB7D9D2E9BC
00_CONTROL\s20_model_request_callers.py,4422,B1A69BB32E268B12102A2F8B0E5D6E210C925B5EF2D71C0EB17072BDD8EB405D
00_CONTROL\S20_SCRIPT_SHA256.txt,66,11F19F54EA0F39E31CF8C583E332AE62EF52579B0B1C257E8704CF6024F55F00
00_CONTROL\S2_SCRIPT_SHA256.txt,66,E41A1FC4C4EFA83A9E74F4BB8AA41FA8D2167EF6BA0ED4618BF9B245E6FB3554
00_CONTROL\s2_true_walk.py,9161,86FC7C378746AC269A0D17223CADB2B1BDAC5799F2B6E71DD8C22D667FC63532
00_CONTROL\s3_pe_header.py,5963,FF21CE8B2C21A888EFB1102B9FBD759EC47BB49849416BBF4BD8A4E605C4BEF9
00_CONTROL\S3_SCRIPT_SHA256.txt,66,43526B88C514AE18AD0C094A1DC23AB66068ACCDD176A1B95AE8A03D260D2F13
00_CONTROL\s4b_raw_hits.py,4106,D57071D6621A6C86AB13C11BBD272D41D0F380DD4FA1C2D06105A3629A615F94
00_CONTROL\S4B_SCRIPT_SHA256.txt,66,2D3089B86A2CE8D845EC3FEDD36266FADD622A3B7663192AD1DD959BDBB0038A
00_CONTROL\S4_ANALYZEHEADLESS_LOG.txt,4075,FB3328298242CA4098801A78A486C9FAC6289DC438F81F2FA32FA98B6D814DD1
00_CONTROL\S4_SCRIPT_SHA256.txt,66,71D47A433F2572310FC1A4EC5FC6C4C79F0C3FCA6EEEFA9D38C71187A87192C8
00_CONTROL\s4_string_census.py,6920,213CDC44A6CA88B60D4481C4ADCB66AF3B7B2BBC9C540E1CB146712D0B352A70
00_CONTROL\S5_ANALYZEHEADLESS_LOG.txt,4051,9AF525A3F6F53A3A739940DCFF4B5FECC4AF8A53677C14D57171EAA3188AA5EC
00_CONTROL\S5_SCRIPT_SHA256.txt,66,E46DEBCB4C8DDEF9AB18F6A69C4291F880E9AB313EA02D665AFF92E98CB111B3
00_CONTROL\s5_xref_enrichment.py,6241,7E7933B0544C726AF8DB7E443533A23663FFEF25836A1509D8934EC32E28D6D9
00_CONTROL\S6_ANALYZEHEADLESS_LOG.txt,5097,71932D0D9628A0432D71DC04AA75E40418010D104073BDFF265BF3FBBC17CB17
00_CONTROL\s6_parser_chain.py,4623,B1AF487A4BEB9254B62A8225F6B179FB7D13B670D2224AFA16AD3D5B9116A10B
00_CONTROL\S6_SCRIPT_SHA256.txt,66,36DB570F7F00FC93E49B267AD3EF000F2F2AB0E9C557FFCB3732172A7DBF6F20
00_CONTROL\S7_ANALYZEHEADLESS_LOG.txt,4139,67DE6FCE2ECD5D8ECBD0A89A1359295E4C2ECB18BDFFFE8FD0115E186C682B85
00_CONTROL\S7_SCRIPT_SHA256.txt,66,5D51902B3CF62A533E83EBC58EA39B4958E1B822E6CDBE71B78E5B69E366A693
00_CONTROL\s7_subparsers.py,4028,B5411A91B55551C046265155FCA0D18FECE17ED30BC40273B211D7FD77563D0A
00_CONTROL\S8_ANALYZEHEADLESS_LOG.txt,3563,0F5628F673C160A5BA35B26EF2005DF34D9E3039E7A0DB2869A9DEE44205BA5B
00_CONTROL\s8_loader_callers.py,5418,7EE3BCB01FCA7A951AE76843A7AF3DF8DC294DC647F05C0AA30E741FB36412A8
00_CONTROL\S8_SCRIPT_SHA256.txt,66,42946BAF0107654990D873CCF6FCF4F4FACE4FA2173F955C4F4C77DAFBC51782
00_CONTROL\S9_ANALYZEHEADLESS_LOG.txt,4774,FD88919EA12C47F0F41F7D34DDEA790D1F4A0A0B5FA04CF31F75C585462A77FA
00_CONTROL\S9_SCRIPT_SHA256.txt,66,D0153502406E28D4D45149AF277A71B455C1DB28057D4300FBA197196C9921DE
00_CONTROL\s9_singleton_readers.py,4939,04A234B4D0774808C82C4B325760D8E7DC9BFCDE8B5BFC7C9574C323AA83834B
01_RAW\S1_ANCHOR_RESULT.json,35712,021A6D3B5F6E80B4E11E85E0878CD1995F3FEDA0666E0035BA67C97B8F9C25F9
01_RAW\S1_TEMPLATES_BLOCK_CENSUS.csv,785504,3EEF0F58605E4CF54D12551BCA16420CDAA008C34841F66544C5F45F1C08CE79
01_RAW\S2_TEMPLATES_TRUE_WALK.csv,469407,5385A5F3DED5B82A9AD837C1F13F1613BE5D27AEAB69964CAB88A1D518BD05C9
01_RAW\S2_TRUE_WALK_RESULT.json,5108,B4AC1F2B24250B586E326BA2F5A3CCC803D26CE9F7EBCD83FE1C8A7B7FC53974
01_RAW\S3_PE_HEADER.json,4759,0EEE70545C1DDA436B6247840E9781C5D5C836D88221AAF20049CD5D0A9127AE
01_RAW\S4B_RAW_HITS.json,14197,1D03B008443670C16A157E3ECCC5EC2EB274814CC9E89B320C1260781C12BBE8
01_RAW\ghidra_output\S10_DISASM_CALLER_0043EAE0.txt,5052,3E2F2F6B31A2F3556CD8D30651B12A7CE57ECD9D3A83265A06592F0B1BAC6FF5
01_RAW\ghidra_output\S10_DISASM_CALLER_004E68A0.txt,9589,4A7F7E21368CC390E8EDAE6846D10FAC8F9E38AB0841D24E83D53711A48D999D
01_RAW\ghidra_output\S10_DISASM_CALLER_00511070.txt,20933,62EE0ACC2EFA7DB4A82D2B0F985D3D36F9BE1A256EE8CE1456B81C59EECC61A9
01_RAW\ghidra_output\S10_DISASM_CALLER_00567170.txt,24995,869753BF4AC869343C20C492E025141988F5A40E274DA6E3DD1244D50D688B7A
01_RAW\ghidra_output\S10_DISASM_CALLER_005B5F90.txt,16454,56415A78049418D7AA7BDAD8DF94FDE693960622A8817A40E8C30537CB52A4F5
01_RAW\ghidra_output\S10_DISASM_CALLER_0067B800.txt,12089,36B40D1A3127584C698B25787A7099A8352DEC202E3411B145CD7E0562C433A9
01_RAW\ghidra_output\S10_DISASM_CALLER_0067C7C0.txt,12089,FAF9F7C8B2DB99187587B15C83992C830EA072C59524D3EDCA47DC57CB3AB0AF
01_RAW\ghidra_output\S10_DISASM_CALLER_006A3930.txt,12982,10FDAFCB1C2FE96E5731AB284A0BD64D92117DD9158589225147EF2305D6CC63
01_RAW\ghidra_output\S10_DISASM_CALLER_006B28E0.txt,1786,41EEE7555C3412DE9FA07CE2F219A071CC3E04C7B459EF31373CC22345511ABA
01_RAW\ghidra_output\S10_DISASM_CALLER_006BAA20.txt,10082,2DD7885086A28CFF017E2F0AC4674BBF19F4527D2F7675C8334F5458A3DF5EC0
01_RAW\ghidra_output\S10_DISASM_CALLER_006C2350.txt,573,FF9EF8F07D02B9791529338B8D17FB870DF0115B49F51EE32AC702CE93EE709E
01_RAW\ghidra_output\S10_DISASM_CALLER_006C26B0.txt,1637,15295EE42D7CA9B18AA1E424FF6498AEFC81ECBC181EB39C57BDFC67E736B554
01_RAW\ghidra_output\S10_DISASM_CALLER_006C2700.txt,1511,F190C5CD3BF96FBB3F04BA73DA5E2C9BF7F67D9AC05AD993E1161106D64EE7CC
01_RAW\ghidra_output\S10_DISASM_CALLER_006C2750.txt,1535,75DFDBB0765EE731FA5373126753EF0E724C3A5E3F27C60B96051C3A6B37B9B1
01_RAW\ghidra_output\S10_DISASM_CALLER_006C27A0.txt,1535,34206BD06DFB7EA8EB0A2E77BF231D4E9A4BC9F1712A7D961E6647215D64E404
01_RAW\ghidra_output\S10_DISASM_CALLER_006C27F0.txt,1625,BC1F9ECFC7890BEF82FD7A9E3E007863196824E0CB3FC4CC98C9BA3B593079EB
01_RAW\ghidra_output\S10_DISASM_CALLER_006C2840.txt,707,8FC6C5A6948AF3AF71045664F89A32D4656F761A13E4C9F1EED1F1DB02D24F26
01_RAW\ghidra_output\S10_DISASM_CALLER_006C2870.txt,707,4BDA62D23A39071A1EDD9A25727E965A1D698502AAA4B543BD40D5C9AB9CDF56
01_RAW\ghidra_output\S10_DISASM_CALLER_006C2BB0.txt,2385,9052EE71209B47B768BE2A44300699575BFCEDFED85ED628CB1F80E13AA56669
01_RAW\ghidra_output\S10_DISASM_CALLER_006C3F50.txt,3284,86CE5DA440AB2FC8E0FA6BDB847DD182282D81B6808DA0FD0308CD5463892199
01_RAW\ghidra_output\S10_DISASM_CALLER_006E2610.txt,17536,45854EC5C69FFE647AE87F809285060FB52F25DCCD4076259FF0266FEBBEF629
01_RAW\ghidra_output\S10_DISASM_CALLER_00733490.txt,4133,A01788A4ABC551251755804190D236B736C2488B5C87FA2E5E009D664278F878
01_RAW\ghidra_output\S10_DISASM_CALLER_00848EA0.txt,9510,D2BF7A61A412AD511823649BEDB3F2BD1B8FB23ABDE6F07C530BB63FE372F26D
01_RAW\ghidra_output\S10_DISASM_LOOKUP_0072f580.txt,1095,DC538966DACB8A7CD2BB2D87944448944F416B42F6EA91E66BEA241B502F0EA1
01_RAW\ghidra_output\S10_DUMP_INDEX.json,4868,60D3754EB8003821270B14B38EBC64E94FD6907461DE06E9FEE3D3A7415878FB
01_RAW\ghidra_output\S10_LOOKUP_CALLERS.json,5941,D28D55247668A83F5CC4B8CB34612C285F1E570FD8EBBBE0C8F03F75BC5D05D4
01_RAW\ghidra_output\S10_PSEUDO_CALLER_0043EAE0.txt,947,AFBAD6C47FB61ABDC74BBB354D0D7C6F2AD2401DBB3328C2A8C7AE926A152E87
01_RAW\ghidra_output\S10_PSEUDO_CALLER_004E68A0.txt,2693,0E340D7D9B177DE882EFDF04BB44565195BBA5DD28A417D4EA7353D9CA72A833
01_RAW\ghidra_output\S10_PSEUDO_CALLER_00511070.txt,7235,8C833652AD65DC50012A6A0247761C38961F3C7A80B66E0E9EFB9A41DAAB9B1D
01_RAW\ghidra_output\S10_PSEUDO_CALLER_00567170.txt,8310,676D1010FEFED749F8CB7C897C7D03EE5CF7952C7E7F865C597075E103A360C9
01_RAW\ghidra_output\S10_PSEUDO_CALLER_005B5F90.txt,5418,797AC87A82BDC80210CBE67E1E1D4F45ECAB4FF47F05AB4D98D90FB1AA47B179
01_RAW\ghidra_output\S10_PSEUDO_CALLER_0067B800.txt,4257,2030E887A2539FAFFD4D22BD31A09020B1F91361307810DEFCFCA1D3BAF8692F
01_RAW\ghidra_output\S10_PSEUDO_CALLER_0067C7C0.txt,4257,A76B2A3729DC57082C7076A74ED1E111A080745A49E83CFA26302CE5FC8F2900
01_RAW\ghidra_output\S10_PSEUDO_CALLER_006A3930.txt,4147,64C07ADE5D5E3FF1CD1179A972E90A1EF60E8A1B177476C154ABB436F68F7CFB
01_RAW\ghidra_output\S10_PSEUDO_CALLER_006B28E0.txt,630,2F0B62C0D60DBB9CE7755F01E1595CA60FA15E7F883EB0E65FCFC78D33D3C247
01_RAW\ghidra_output\S10_PSEUDO_CALLER_006BAA20.txt,2846,22577D035761A1049034235868F88AB4C6339E9F4DAFC72CBEDF6C5080E30AE5
01_RAW\ghidra_output\S10_PSEUDO_CALLER_006C2350.txt,262,5E404E0241CF420D359267E3D38673861AF367474D7DF8B9FA4E96967011DE42
01_RAW\ghidra_output\S10_PSEUDO_CALLER_006C26B0.txt,492,6187411527232D8DACEE880403C86F0AC314A21F47ECF67EEEB5E253770FF23E
01_RAW\ghidra_output\S10_PSEUDO_CALLER_006C2700.txt,464,7A2D693CB04AC496DF77DF8D2BF8906675B8075C1FA83A7CD5316D430036E61A
01_RAW\ghidra_output\S10_PSEUDO_CALLER_006C2750.txt,491,E00E402A5980992A021C7C0C76532204075CF2007B850B7429F7B1A441443C34
01_RAW\ghidra_output\S10_PSEUDO_CALLER_006C27A0.txt,491,71BC18C30ACBAF09642A63EDE396D5461FE7238BF1F2C7F5E7E46A38CC13D041
01_RAW\ghidra_output\S10_PSEUDO_CALLER_006C27F0.txt,493,6A1B6DC068AB8724C42F9FE6A1519AC519BC16B4F30473FF4377C224E8302008
01_RAW\ghidra_output\S10_PSEUDO_CALLER_006C2840.txt,251,09C9788BECCA980A0DCA8DDFDA5D800775F299DACBCF71A43F32629AAC6B6191
01_RAW\ghidra_output\S10_PSEUDO_CALLER_006C2870.txt,251,F6CB783EE69639804622F05EF1DEF9884E69B1476080950E4B6CD6CC5C9EA21F
01_RAW\ghidra_output\S10_PSEUDO_CALLER_006C2BB0.txt,576,AADFC8F2594930E1BAE13B44A8924FB5C84EEA0537A492AE96AA36CCC1943D72
01_RAW\ghidra_output\S10_PSEUDO_CALLER_006C3F50.txt,741,5C884A9D8594CC3313A7B705F78777244FA875B5E9F2ECF4D8B97B5ABD8F4B4C
01_RAW\ghidra_output\S10_PSEUDO_CALLER_006E2610.txt,4274,67DE71E2C388180850F7CA9B4015BADA315FE6E15D07605E3E377BD9945C8038
01_RAW\ghidra_output\S10_PSEUDO_CALLER_00733490.txt,1280,08FA23F52AF54A8A198A1CC12936312E3E77360E84ECBCB07AE052B9D855FD30
01_RAW\ghidra_output\S10_PSEUDO_CALLER_00848EA0.txt,3146,0C55E72FFCE92D07923A1EC51282E5D25A68FB0ECE3C612F29C15D7AF2BC2CD6
01_RAW\ghidra_output\S10_PSEUDO_LOOKUP_0072f580.txt,264,B03C2190B9E38117FD49458E0C5BD665CA5D7C6E9F9F224A83526D969EC6392E
01_RAW\ghidra_output\S11_DISASM_classifier_006c1d40.txt,58,E6118A6D721C0BDED0A41E80B66EDB03672312BE27B02526167D05A01141E3A7
01_RAW\ghidra_output\S11_DISASM_consumer_006baa20.txt,10082,2DD7885086A28CFF017E2F0AC4674BBF19F4527D2F7675C8334F5458A3DF5EC0
01_RAW\ghidra_output\S11_DISASM_dispatcher_00823c10.txt,11812,AD6B6D87111403D5CED7B64B8F95E6E96984C8BE1E7C80E817648D2A76DBB782
01_RAW\ghidra_output\S11_DISASM_getter_007ce1e0.txt,122,F5B397093C7D59AC8F3819E7006399AF15A38A6321BDBDFEC32607F26A538387
01_RAW\ghidra_output\S11_DISASM_layerapply_006ba110.txt,1076,5EA5343ACE8FFC59373530939FE8D1D03E42B7C0FFC930737616A73CCF75A4B8
01_RAW\ghidra_output\S11_DISASM_postcopy_00730f60.txt,1014,6081F38EDDFF24E0645A9D984A205307C158E637EF603B572F8697A590EA4A95
01_RAW\ghidra_output\S11_DISASM_rbfind_004d1430.txt,1839,E82C3C1CF939FBEC9274628338B4A11553EE9D24B1DFECC1FCE037540F2672F9
01_RAW\ghidra_output\S11_DISASM_singleton2_00415670.txt,2132,09807EDDA705A2E2854A29A6D8B2ADF85F80363A5C67EF115A35ABFC9FF96AA9
01_RAW\ghidra_output\S11_DISASM_valid_0072fce0.txt,742,64203CF6EB8579A109EBBD95311B8218FB18498345E1A57F3A98DF47B61080D0
01_RAW\ghidra_output\S11_DUMP_INDEX.json,2093,95DFC6DFE959484287C6FD44049BCB6B9E9C5058564F4D0264DEDC96B9EE197F
01_RAW\ghidra_output\S11_NIF_TESTER_CALLERS.json,286,809B6916BF8FAB4C620594354490FF6C3DD1C44D608BF0527F9CF52B1F75603E
01_RAW\ghidra_output\S11_PSEUDO_classifier_006c1d40.txt,116,921C2116017E2BF89AA83E0BB967F504ECA44329402E5FCAA3ECFB1F8982D754
01_RAW\ghidra_output\S11_PSEUDO_consumer_006baa20.txt,2846,22577D035761A1049034235868F88AB4C6339E9F4DAFC72CBEDF6C5080E30AE5
01_RAW\ghidra_output\S11_PSEUDO_dispatcher_00823c10.txt,3496,F4E3E8C7EFFA239D77354569667BEB00CDFD52E890C56A0DCDBB2F6AB28619C0
01_RAW\ghidra_output\S11_PSEUDO_getter_007ce1e0.txt,108,19FB1CC161A1AE250E8823D793433F0882C017FDDF9F2DC5E4207063441A104D
01_RAW\ghidra_output\S11_PSEUDO_layerapply_006ba110.txt,368,5FF5D963522BADD5F3ADD163F23AA85F3AC48A4CF1D246A056C0A9ED2275B435
01_RAW\ghidra_output\S11_PSEUDO_postcopy_00730f60.txt,300,D593204C159EB7A25757761D3A598E5D45FB777173B1810995A8AC6519C07952
01_RAW\ghidra_output\S11_PSEUDO_rbfind_004d1430.txt,681,F9F7C481C1524F7273BC49CC3ECB3C2B1CBD5F544A129777D6CBAB6095A14E3B
01_RAW\ghidra_output\S11_PSEUDO_singleton2_00415670.txt,607,1CE585D455535DF53A87C965FB17AD269AB428BDD100FA8B4DC6888C50399EC9
01_RAW\ghidra_output\S11_PSEUDO_valid_0072fce0.txt,198,0E6AF261937B01443F6323BC55D9853A1C7D4D7B16F473C8111A68348AE96297
01_RAW\ghidra_output\S12_A_RECIPIENT_REFS.json,17568,25C58FB7DE6B1C93FB7EC65CC8AA6D8AC26E0E315154991A24A7231153C28F4A
01_RAW\ghidra_output\S12_DISASM_ARECIPCALLER_00415840.txt,9551,FC3AA43F7DB51D3B6BEF7B605194F8B549EE217AD4CF4BFC56B5F1379FFD783A
01_RAW\ghidra_output\S12_DISASM_ARECIPCALLER_00415AF0.txt,6887,EEBE64CC15E3B3B0797168335B977270B70372BA0A4ED8D41739E4247792C741
01_RAW\ghidra_output\S12_DISASM_ARECIPCALLER_004172A0.txt,26458,6BDBDD7C885ED360DD0FBECD14190869BC219C46FEFC86EE9E9B02E699B57522
01_RAW\ghidra_output\S12_DISASM_ARECIPCALLER_00447630.txt,322381,F2F320316238CCB3014270325B0594191DEF611602B8171A562B1A308A39D88C
01_RAW\ghidra_output\S12_DISASM_ARECIPCALLER_00452FE0.txt,3682,EB3273B34AC7F9BDEA87C9A241A584732B6BD0C6FB40B2E39901C889AFED6A44
01_RAW\ghidra_output\S12_DISASM_ARECIPCALLER_00458350.txt,11199,B7E25DB90BA5597E337099F8EA1B93823C37FFBB472876FA44C87938F3CC9543
01_RAW\ghidra_output\S12_DISASM_ARECIPCALLER_0045CC40.txt,11198,076623DEB005531B82F20A08F6F2934C17E7DEBBF9C2F055453322FEE3A1864B
01_RAW\ghidra_output\S12_DISASM_ARECIPCALLER_0046C2A0.txt,17231,5AE38DFF241F309E1944822E935750A454B759A258DC592438049724975F0257
01_RAW\ghidra_output\S12_DISASM_ARECIPCALLER_0046D050.txt,9445,3E7813F1CB0EDD26D0F2CCD4F9912A6829DF8607321EE4C0567BAEDE3FE9B1F4
01_RAW\ghidra_output\S12_DISASM_ARECIPCALLER_00483A40.txt,7700,EA8A9096A646E147E080007414B77DAEACD858441A4F080DC8BDFD0730CC1A86
01_RAW\ghidra_output\S12_DISASM_ARECIPCALLER_00488B20.txt,11587,02C08CED446B1755E8523BD2C69C3111085E90896BEC0A806E805B601B552161
01_RAW\ghidra_output\S12_DISASM_ARECIPCALLER_0048F930.txt,16992,3CC20F3A94F5B57BE590E6A1A3E88866C09EF2B7EF30E2E117A99717BF94ED12
01_RAW\ghidra_output\S12_DISASM_ARECIPCALLER_0049CEE0.txt,5355,FD00DC70758B89667C6FDD3FB930B313B6AC1DF5CD2DCCDE2A16F92725E1FF3D
01_RAW\ghidra_output\S12_DISASM_ARECIPCALLER_0049EFC0.txt,8446,8C30B318D4CB4CD5435C37F849F646A9119DB4EEF14A75CE2D74183BF6183312
01_RAW\ghidra_output\S12_DISASM_ARECIPCALLER_004A05C0.txt,11212,BF1FFE99486B33AF9BD3219B588C3258E392F8FAEA771FEA693696492F3E1F4F
01_RAW\ghidra_output\S12_DISASM_ARECIPCALLER_004C5F80.txt,7950,BF88EB1235CFD148D4938E5C8A7BF07701B63519A682EAF7EA7D747B34A8B00D
01_RAW\ghidra_output\S12_DISASM_ARECIPCALLER_0050B770.txt,9108,2B3DA877F119516D11B656719443577BF55522B98EA3903892650066133BF2FF
01_RAW\ghidra_output\S12_DISASM_ARECIPCALLER_0050B960.txt,4076,8FA3394B59AA3845B074B778942C2F48446D19D0139B2B1DCE27D691862BFAE8
01_RAW\ghidra_output\S12_DISASM_ARECIPCALLER_00511070.txt,20933,62EE0ACC2EFA7DB4A82D2B0F985D3D36F9BE1A256EE8CE1456B81C59EECC61A9
01_RAW\ghidra_output\S12_DISASM_ARECIPCALLER_00513F60.txt,11847,F411A4BB14F2A89B890B7B7B1A921CBCDF7CC494C9F9968C011611035B195C33
01_RAW\ghidra_output\S12_DISASM_ARECIPCALLER_00514250.txt,9133,85ACDC3B07D34478DB5E3FCFB924E0DC57F329348463E09D2EA68958A1A2B43D
01_RAW\ghidra_output\S12_DISASM_ARECIPCALLER_005146B0.txt,23759,DA15E5AEEF2B29C3310C06F568D2027DB40DACEE6BCD6A04F7137DE627F16391
01_RAW\ghidra_output\S12_DISASM_ARECIPCALLER_00567C50.txt,32533,214D7D267A382EB807EFB835B824AF8ECE135A12E7D9A98DB3775E852D96C188
01_RAW\ghidra_output\S12_DISASM_ARECIPCALLER_005A0E50.txt,5598,E0581D971822A70A48D64DC12C0DFD956354956ECDC0DC63BF74BBE455FB759D
01_RAW\ghidra_output\S12_DISASM_arecip_00414670.txt,2132,CC46220D6834ABB1E0567678113C565630EB29C53A9F3785E129C3618F89A837
01_RAW\ghidra_output\S12_DISASM_checker_00737c20.txt,1190,C27812A4A620542E48146620D6D8C915DD0B1A4701A016905126109E34998C69
01_RAW\ghidra_output\S12_DISASM_consumer_004c5580.txt,20114,134D0BB526BE320D94A084292F177DAA9947D629A36C4AE06B4C30A5F4E87964
01_RAW\ghidra_output\S12_DISASM_helper_0048ada0.txt,123,483B95A8BA2FF001EA92E39492E50F185666E91829B64F8CA09024CB95D84DF2
01_RAW\ghidra_output\S12_DISASM_helper_0050caf0.txt,1191,D25D0B7A429861E0ABD9D346A302A68B1869909A1CAC38A45A6182A4487FDA7F
01_RAW\ghidra_output\S12_DISASM_helper_006ea810.txt,310,4981E0AC5B1D13E55E0837A60543F9F6EC5705A96AA4A9B4C572CA007313B21B
01_RAW\ghidra_output\S12_DISASM_helper_007291f0.txt,4587,D6FC978B4A6BDA5AC29F642DCF8C5F47061E85EDB312CBFA3CE7B378E874F8B4
01_RAW\ghidra_output\S12_DISASM_helper_00843dd0.txt,1125,591F262D8A006021888FB576B81C77BF156C7D30C5673AC50C60874017B5F6FB
01_RAW\ghidra_output\S12_DISASM_helper_008e0110.txt,47,D712309EF75001F76B1F79E591A45B0EB2F782D38D091FC98B21F295292A59B8
01_RAW\ghidra_output\S12_DUMP_INDEX.json,6880,547F4DD2B069955409853BADE534D09AA0D1CDA65ED568E4C2520BE7560B3D47
01_RAW\ghidra_output\S12_PSEUDO_ARECIPCALLER_00415840.txt,2755,832154B599E61CACBAB3A73B79A7F5F1D8D2B068045CF670533F9C005552B962
01_RAW\ghidra_output\S12_PSEUDO_ARECIPCALLER_00415AF0.txt,2048,8E0739EE0D4700BE86AC97752697FC5793B72BE8988865DA09BEE19093016388
01_RAW\ghidra_output\S12_PSEUDO_ARECIPCALLER_004172A0.txt,9914,66BD35CAF2C0743F69FEF12A1E6C01D474169554BE07175C6783CD2ABF1BEB0A
01_RAW\ghidra_output\S12_PSEUDO_ARECIPCALLER_00447630.txt,88643,75206FAE1F6C9BD6D3863487A9548A2D5148FF4778D97F85ECF646CAC63B39C9
01_RAW\ghidra_output\S12_PSEUDO_ARECIPCALLER_00452FE0.txt,1048,62C6E0615AE8BEF50278DD761FAA84FEDE7C47BBE143046A3E26FBAED3DE1844
01_RAW\ghidra_output\S12_PSEUDO_ARECIPCALLER_00458350.txt,3811,47BA40035C1EF5F729F7D92FF5CE1A99204342BD3578AF601366C4F4B46C0D56
01_RAW\ghidra_output\S12_PSEUDO_ARECIPCALLER_0045CC40.txt,3773,7EACAF8477127437E0CC17D8131CC90B1B9485E3750C9A06652A92DB23ED21AE
01_RAW\ghidra_output\S12_PSEUDO_ARECIPCALLER_0046C2A0.txt,6095,CAE475F423A6B20A926A85C74E9C9A9BB5DB891E5B077C351E090F30DEA248E3
01_RAW\ghidra_output\S12_PSEUDO_ARECIPCALLER_0046D050.txt,3927,67F572A2618A179D665258C903AF70DFC1036D4C8497E49822B97F20B1AD22A7
01_RAW\ghidra_output\S12_PSEUDO_ARECIPCALLER_00483A40.txt,2215,FD849BD5CF7C300537E24BA7001B52E77EAD40E7E939539CB978BBED0ED2A44D
01_RAW\ghidra_output\S12_PSEUDO_ARECIPCALLER_00488B20.txt,3865,AFE74C0999260FB4C61C368EE73F19A92D56F9DCF08D2DE0BD95AC68EC18FBD8
01_RAW\ghidra_output\S12_PSEUDO_ARECIPCALLER_0048F930.txt,4906,FA6C9A8DE0CB2CBA0DD5EB61D715ABF361B76D8CB876236DDB87582EA3901ADA
01_RAW\ghidra_output\S12_PSEUDO_ARECIPCALLER_0049CEE0.txt,1570,5C0E65E91274DBD4EAE460F575BD746FA012A3F8920DAE9E2DA944DFE4D0DF24
01_RAW\ghidra_output\S12_PSEUDO_ARECIPCALLER_0049EFC0.txt,3032,299E1F80BA4DC22A9539C0D50E4DC20B982D87DB01EF22F30AABCE8BD60C3E5D
01_RAW\ghidra_output\S12_PSEUDO_ARECIPCALLER_004A05C0.txt,3391,71EE93793FC9578389CDC775AA0944225D2BE4CAC525EFA83ACE3CAB1FC672ED
01_RAW\ghidra_output\S12_PSEUDO_ARECIPCALLER_004C5F80.txt,2494,5BE444F10DA90AFB621614DDC339EBB1722B1A8D21CCFB213C619FF8A3B58CD1
01_RAW\ghidra_output\S12_PSEUDO_ARECIPCALLER_0050B770.txt,3125,12558F06E2F309E19D14EF92ABF7A0A851C541545A12178AD58D6472D7979856
01_RAW\ghidra_output\S12_PSEUDO_ARECIPCALLER_0050B960.txt,1085,3A4BC9FAE6C61405B1BE8CF927DE7902BE583C8AEFD7AAC4C0679DFFA34426EF
01_RAW\ghidra_output\S12_PSEUDO_ARECIPCALLER_00511070.txt,7235,8C833652AD65DC50012A6A0247761C38961F3C7A80B66E0E9EFB9A41DAAB9B1D
01_RAW\ghidra_output\S12_PSEUDO_ARECIPCALLER_00513F60.txt,4052,5959E3084134C3139CF7532955C55B6288EA4EF93B031856E8C9EA611D8D737B
01_RAW\ghidra_output\S12_PSEUDO_ARECIPCALLER_00514250.txt,2128,C8D2852F2C298BF20A9CB31C165E54E8CC66704DD4FDA4BC804936B0066A5174
01_RAW\ghidra_output\S12_PSEUDO_ARECIPCALLER_005146B0.txt,6550,6820A52AD6D93AC7944E5C03529E8B82581E2D63FD1FE8A098FC0C271B230015
01_RAW\ghidra_output\S12_PSEUDO_ARECIPCALLER_00567C50.txt,10550,74C615B208D41DFA42E0FCE17D8D39A35986A2FCD2FB4223078D9390ABAD18FD
01_RAW\ghidra_output\S12_PSEUDO_ARECIPCALLER_005A0E50.txt,1624,C871373F8657068BEDEE93288FF17CCC9324DA68F3E07DF070E23B2AFBDA6DCC
01_RAW\ghidra_output\S12_PSEUDO_arecip_00414670.txt,607,D282C918F586194AB5B2FE617D5512288110B00A8070DB21536078262B70913E
01_RAW\ghidra_output\S12_PSEUDO_checker_00737c20.txt,238,D22D0D27C828F13DBDD47D6DBC5BD5DF8F2BF525CD23C723DD40CDDB6EBAD82F
01_RAW\ghidra_output\S12_PSEUDO_consumer_004c5580.txt,10870,BB679B02090983B03B50CCD683069AF8923F97E80B1E5C322DD49D7A91A5B167
01_RAW\ghidra_output\S12_PSEUDO_helper_0048ada0.txt,111,50C2A0A0D6641E3A1B6DB99A26A6EC5CD8BD313938CD0D2E7690935BB57F7F0B
01_RAW\ghidra_output\S12_PSEUDO_helper_0050caf0.txt,313,273891612112FE89BFD10C68DC914E6A94FA2E194EFB44B4A7BEDCDE74141389
01_RAW\ghidra_output\S12_PSEUDO_helper_006ea810.txt,100,DA4B47843B14DC8A72A2BC930D5D7B90D2AD494F8C5A4152D98F06959AC329AB
01_RAW\ghidra_output\S12_PSEUDO_helper_007291f0.txt,1364,50C589C92132F2C897D95AAF1BFDD675255946CF71D6E71EDC1B6898664A3D1F
01_RAW\ghidra_output\S12_PSEUDO_helper_00843dd0.txt,328,C4F7BFACF743612D70880D3761B11D9EE1F3E2D30A4C2F9C02759B566E6A07EF
01_RAW\ghidra_output\S12_PSEUDO_helper_008e0110.txt,55,CA22CA56441EC4E3EBD8B66526BA9C9BA3925D55514C1BB6B164AB05A27E8426
01_RAW\ghidra_output\S13_DATA_8BD720.json,7016,9EDE0D688DA1DDFEC9418F96051FE970E4094770A9F9D8DDE95F4760FBA5A249
01_RAW\ghidra_output\S13_DISASM_builder_0043e5b0.txt,2209,24ABE5ABE5B27BAD2FA6BB2AE453B4775C8485BA5DF37652304B2E902DB04913
01_RAW\ghidra_output\S13_DISASM_emitter_0043c700.txt,5256,888A71C79109B35E088CD6BB266B91C256D71AF59B3867096C90D7BE51AE6A06
01_RAW\ghidra_output\S13_DISASM_helper_0040b070.txt,113,EB742B41015E42090A230B7D067A2663C945840F5DED4925E8A7BF82356A1B30
01_RAW\ghidra_output\S13_DISASM_helper_008553d0.txt,36694,6BDBAA1D4DF31C6C5DEE8A8AA554349A10DC7E8B8987A140D2D3C5C5BED08A96
01_RAW\ghidra_output\S13_DISASM_request_0050d8c0.txt,1451,0A80B1EF11945A5D93829D508D7F529189B615DA71E66BA99C2B1128CA00BA8A
01_RAW\ghidra_output\S13_DISASM_singleton3_004154f0.txt,2132,D612A873A54B62A84577B722DFDB7F4365C70235FDBD18B182A28DFF4ADFA585
01_RAW\ghidra_output\S13_DUMP_INDEX.json,1447,AA4342FD8DAFDAE0FCC789DBC6F1313F569EABF049E494004EFF5B26317BAF3D
01_RAW\ghidra_output\S13_PSEUDO_builder_0043e5b0.txt,748,D8F8D286AEBDC909EE9A733AF8EF2CBECB6539DDD71DA2A552448169FE6E5C39
01_RAW\ghidra_output\S13_PSEUDO_emitter_0043c700.txt,1644,6BB17D74E2E450837FA095B0C143890BA4C0F785DB25467BB5829AC2898DC685
01_RAW\ghidra_output\S13_PSEUDO_helper_0040b070.txt,87,947903170D18FDE887959696457B93A0AC72BC9E9A0E9F8D7AA74C7FA9B0628D
01_RAW\ghidra_output\S13_PSEUDO_helper_008553d0.txt,9181,D5754790CE27AF63C6A87AED07F059F0ED0F92CABD8523FD0CB0760E88FECBE1
01_RAW\ghidra_output\S13_PSEUDO_request_0050d8c0.txt,358,BA2D9EDD946DF59E46E270088C98F5E986845345B04BCA547F70B3FAAD7BB45A
01_RAW\ghidra_output\S13_PSEUDO_singleton3_004154f0.txt,607,E22F5BB7460CC48F9F28E5F814E5034E04FB1C1DA23B75C673E83FC175DBF751
01_RAW\ghidra_output\S14_DISASM_cache_user_004b0980.txt,4790,DDFC669DA4B0A243893C37082580E56533D91D740203C961D2B4C820D6E460B0
01_RAW\ghidra_output\S14_DISASM_callback_008bd720.txt,113,0B9ECB3783B163CF44EA3A1672689F2BBDBCB75B87CC5C178C5017A051A38E26
01_RAW\ghidra_output\S14_DISASM_helper_0043cb60.txt,16894,E55C9E0BB82787901DF10C03A5E531E67F3387B835BF5BF54A0FA95278433BD9
01_RAW\ghidra_output\S14_DISASM_rm_init_0041dae0.txt,378935,C39F04F837B7471251A87DE3ACC9622E972449B9AA7D9DA5B3F08BD13BBF7984
01_RAW\ghidra_output\S14_DUMP_INDEX.json,1109,36C2FEFDDBE44B7EDD1DC36E6BDE57C1B5054079909AF6EC7E4DB81B51D0A508
01_RAW\ghidra_output\S14_PAIR_INSERT_CALLERS.json,5035,AD16B5A45B58D28AB5351709AFCEF9BE21F307D35B3E75FAA76F6F0DB302397E
01_RAW\ghidra_output\S14_PSEUDO_cache_user_004b0980.txt,2759,C2914CC6594B62F3F177704D9107D54E80C6B300FA0FE00ECEE7208D7140F6F4
01_RAW\ghidra_output\S14_PSEUDO_callback_008bd720.txt,87,E70405D1AF300A2DDD93E2B644F4A574A1BEECBA68BCC3FAB8D0DB4DC5FFF619
01_RAW\ghidra_output\S14_PSEUDO_helper_0043cb60.txt,3434,85A2DBF03BC1EE25618578887DCDC9746AA774EE06B42F4A645D6EB56B0E9EE5
01_RAW\ghidra_output\S14_PSEUDO_rm_init_0041dae0.txt,168614,79DCBEDFD833AF3C5AA1A32F923952E140FB92080D7DECD7B922390701654E01
01_RAW\ghidra_output\S15_DISASM_queue_008237d0.txt,2086,36450CA9C207E137EB5290259098CC3B30A13D97F6526EEF9556CA68D8D4665C
01_RAW\ghidra_output\S15_DISASM_queue_00826360.txt,8646,5619D1C92C08D03C382FF4A766BFB2951457F71FBDF7349CB8AEB601DD72C2EC
01_RAW\ghidra_output\S15_DISASM_queue_008284d0.txt,8962,10B7B3953956C5FE07CFB9178F718BEA2FC2F5B6011F9114C58F355D026BF370
01_RAW\ghidra_output\S15_DUMP_INDEX.json,856,3B8195E88DE97A23306A8896D60FBE099EA83E7598475001002C70CEE8BDFC3C
01_RAW\ghidra_output\S15_LOADER_TABLE.json,10911,A24C9D4F5214F891D94BA30091ACC647278330185DF0A604CDBCDAB21ACF0FB9
01_RAW\ghidra_output\S15_PSEUDO_queue_008237d0.txt,472,56605A20511155F6F17029C22A029CEC7FA488F083F6F80FEB08B333334D4478
01_RAW\ghidra_output\S15_PSEUDO_queue_00826360.txt,4288,C8E0DB9694AC3772E132C92FE937E5B12819A8EDF5D19DF1B4065CD85CFE4A7B
01_RAW\ghidra_output\S15_PSEUDO_queue_008284d0.txt,4845,60719629A728D5833BC8C40C26AE3F9FA91465CA83B655B346DF6345E06B5134
01_RAW\ghidra_output\S16_DISASM_bcgetter_006c2bb0.txt,2385,9052EE71209B47B768BE2A44300699575BFCEDFED85ED628CB1F80E13AA56669
01_RAW\ghidra_output\S16_DISASM_cls1a_007EE530.txt,639,40644E470DA92C711562736B84814A0964B358B372A0AB858E5C61C19E082812
01_RAW\ghidra_output\S16_DISASM_cls1b_007D30F0.txt,121,969D2CBB25DBFE327ED1375C123EAFFD96326432FF254FED3F3B3FDFB4A3FBC8
01_RAW\ghidra_output\S16_DISASM_cls1c_007EE3C0.txt,4662,A93C6B0C4C67F014FF20D26D1444BAE62A3047710B38E644CEA74F1584C585EC
01_RAW\ghidra_output\S16_DISASM_cls1d_007EE480.txt,4627,84DF87FDC2422F6007F0A6D7E9CBCC4A26AE12F770319C5EE52AFCB328B36F10
01_RAW\ghidra_output\S16_DISASM_cls1e_007EE360.txt,2318,4AEC3F15A1AC2A50606A8CE184A347A8F778E69C9A4E7C5038208A3B6BE28CA3
01_RAW\ghidra_output\S16_DISASM_cls3a_007EEBB0.txt,639,7FE4EC228AB38247DA99B902CD98929A8BC844A703B0DA505271D426C48C53EF
01_RAW\ghidra_output\S16_DISASM_cls3b_00984610.txt,103,915A02CB9FA774B59D6DFB03A817E00D5023D9D93F715973DFA437959C4C72E1
01_RAW\ghidra_output\S16_DISASM_cls3c_007EEAB0.txt,1398,DBA8900612628DC41E8FFF99AA07040DAA445CEA4FBE19F5BC570B6711CD231B
01_RAW\ghidra_output\S16_DISASM_cls3d_007EEAF0.txt,3227,8C725C3A31BBDA9157B5C01B6AB968A941270FD0481F34C98376E12AF012B2A1
01_RAW\ghidra_output\S16_DISASM_cls4a_007EFDE0.txt,639,83233BEF5C75C56C4F15D2820C659CC003016BAD90576B2E7115DDCF7B071C17
01_RAW\ghidra_output\S16_DISASM_cls4b_007EFCB0.txt,1146,64593AE7137D96CF95AF1269BA081FC5814C399E35A31DDC6F15C2678A48B5B2
01_RAW\ghidra_output\S16_DISASM_cls4c_007F0470.txt,16660,4BC80551442D99837BDD0A216065D37F93D22D7433E1C3070543516D3ABD26AF
01_RAW\ghidra_output\S16_DISASM_cls4d_007F0130.txt,16410,0E531D7B488F9EF605BC150F7333EEACEEF10D141F737522142E3FB22556C0BD
01_RAW\ghidra_output\S16_DISASM_nif1_007EE680.txt,639,6948D1392B16DDE0DF182F5E1916988483C33E376AE43DF26820CEED114AC3DA
01_RAW\ghidra_output\S16_DISASM_nif3_007EE6A0.txt,5042,F6EC2DF1E18EEEDDE1BA8879318B7E7524B80D6289007CF2CA5AF489E445D0EF
01_RAW\ghidra_output\S16_DISASM_nif4_007EE780.txt,3980,23E3328E632B3D63817DDFB8D3B69692241703F5DFEEA5B995ACBAADBDB2026C
01_RAW\ghidra_output\S16_DISASM_objcreate_006c0d50.txt,1596,C63B11793B2B08E7CF0ABEF415F2F9E919248C3A97BD732D8AA9A341A4EC785B
01_RAW\ghidra_output\S16_DISASM_vfspath_0094fe00.txt,8147,20419CB1AF9F83654A9E8652C658B83AB12B34CD7915BAABDD4369686F31CD83
01_RAW\ghidra_output\S16_DUMP_INDEX.json,3901,6FDC4BEF5EE72F43EBFF787212B2B5965478DA08249FB026B87841BBF7D0DBAA
01_RAW\ghidra_output\S16_PSEUDO_bcgetter_006c2bb0.txt,576,AADFC8F2594930E1BAE13B44A8924FB5C84EEA0537A492AE96AA36CCC1943D72
01_RAW\ghidra_output\S16_PSEUDO_cls1a_007EE530.txt,195,328BB0CA4BBABA896BF24F79CE10E59A7F941181B73CF96B1F0C05A23CE61AE7
01_RAW\ghidra_output\S16_PSEUDO_cls1b_007D30F0.txt,109,9808BDC3FE1F14E5D8E20F1610234BBA2137ADE6A6A0B75FD9C51661C8496EC8
01_RAW\ghidra_output\S16_PSEUDO_cls1c_007EE3C0.txt,1196,8DA8FD64FBD387BCB028B3E95403E2A49F5639BAF548DCC3CE3C218456A564CA
01_RAW\ghidra_output\S16_PSEUDO_cls1d_007EE480.txt,1118,22B79E88E3D790E03A79BE9F8233D2B0AE3EED6006AE1898ECCA719229692B33
01_RAW\ghidra_output\S16_PSEUDO_cls1e_007EE360.txt,627,6597513769FC460CFDA54DDA51DFFDCEAF55CE93FC8BE242163D296422B25276
01_RAW\ghidra_output\S16_PSEUDO_cls3a_007EEBB0.txt,195,115A58415597B32337E19A7F1159206F766E5883C914B4D06FB83D64A528343E
01_RAW\ghidra_output\S16_PSEUDO_cls3b_00984610.txt,62,B060C7B23D54F73CF7636A39FCB8B221E56ABBEAFEF8B7D59782BCAE3BA5E316
01_RAW\ghidra_output\S16_PSEUDO_cls3c_007EEAB0.txt,415,B5F526BA2FC5AA555771E6E16504B8E673436E1FD5574237FD1E09EB8F07D9DD
01_RAW\ghidra_output\S16_PSEUDO_cls3d_007EEAF0.txt,882,CBFAEFEEBD4A667A71F59BFBADC26404C14E6B11484B02C84879BD02B9213D53
01_RAW\ghidra_output\S16_PSEUDO_cls4a_007EFDE0.txt,195,64929C8C008CC9DE0BBA0A2521EA39F4272FE2B75DC39948E9D4668BF5005A0C
01_RAW\ghidra_output\S16_PSEUDO_cls4b_007EFCB0.txt,250,826304883B3207D198DB3799BD0C764605D3C0C0CEB948A4F957715EB7C72CB6
01_RAW\ghidra_output\S16_PSEUDO_cls4c_007F0470.txt,5839,A9B04F252F17EC2201047CEEEE8BA58134665015C11CBE02D628B56E7D5EBA74
01_RAW\ghidra_output\S16_PSEUDO_cls4d_007F0130.txt,5162,C875EC405033CD30C05D8CE2B35A32D8D1774E8A45FF34BBF8D2342938D3C3D6
01_RAW\ghidra_output\S16_PSEUDO_nif1_007EE680.txt,195,7A768EF361FAE0F788EC9B167C3E11DD927B4C341048234C694CC4BD6AFD660A
01_RAW\ghidra_output\S16_PSEUDO_nif3_007EE6A0.txt,1980,6B66530C3EBCCAFCED85E3C113BA1E1A57FEB5CEA2F7D261D4D2E8C3214D3443
01_RAW\ghidra_output\S16_PSEUDO_nif4_007EE780.txt,1141,A1F3AD1E8568C77587FA82520C557EA5366E0428B37FA3DDA4C4B9D6AFECD7F0
01_RAW\ghidra_output\S16_PSEUDO_objcreate_006c0d50.txt,550,3FA24365EA4921412159E4C4D886D00E99C6E7A0481D02B518B0793A36D074DC
01_RAW\ghidra_output\S16_PSEUDO_vfspath_0094fe00.txt,3709,904BCA6AF7868FE8F1027A7EFDBBD7C62C0523EC8746445D0E4A2C0CEF74044E
01_RAW\ghidra_output\S16_QUEUE_API_CALLERS.json,720,E79AEF9E34D375B396A952F205F86016D77C0B67B79E828CE37CDDCAB59C618F
01_RAW\ghidra_output\S17_DISASM_archreg_008286e0.txt,1976,7195AACDEF843DD7C7805FB1C50915A6FCEAD09A7F5AF6EEFBC5B8EF6D228131
01_RAW\ghidra_output\S17_DISASM_queue2_008251a0.txt,20683,D6AE6ECD03E1E63F4281AAA467DA7BD948083E25245C657AFA9541D4F42A5756
01_RAW\ghidra_output\S17_DISASM_SSDREF_00799BF0.txt,1952,5204440F0788CE449233E8A7DA00FACBA4F776D26FA0B80A8A076E6C00C52DCF
01_RAW\ghidra_output\S17_DISASM_SSDREF_00799C60.txt,1929,7E69571A456B745A6E155456E342894B2E7D9CA5B61A80FF3A6D0BFC89454006
01_RAW\ghidra_output\S17_DISASM_SSDREF_00799CE0.txt,1555,483B1924C2B928EA63D70BE78F6D76B3656A26314B26731B9C79D4FE98806B1D
01_RAW\ghidra_output\S17_DUMP_INDEX.json,1310,3140ECB914194A928238C2F60D1975F777C5ACF22D107A0D9CE8549DFE34478A
01_RAW\ghidra_output\S17_PSEUDO_archreg_008286e0.txt,539,BB2A04704F3ECF3218F673AD5E7A59A86704C2E8078997AB9675F94AEED8F1FD
01_RAW\ghidra_output\S17_PSEUDO_queue2_008251a0.txt,7432,BCAB2DE21CD71E374DDBF91E926E5B0EDCA82A0CB8DE11154DBE2045ECD142D9
01_RAW\ghidra_output\S17_PSEUDO_SSDREF_00799BF0.txt,377,DF9FAC771A6553981B166C663CF095AD1D41F06F52A45AD445D194DC703BA9E0
01_RAW\ghidra_output\S17_PSEUDO_SSDREF_00799C60.txt,350,CB165B0E522A1972C5BF91B3DB39211B739234EF01AC8CCEDA022FC974B4ABA1
01_RAW\ghidra_output\S17_PSEUDO_SSDREF_00799CE0.txt,293,F8B555D9E1D459E6B135A3043F5D7A727AFD1B6BC35A20D0C16A5BA3299AA5C5
01_RAW\ghidra_output\S17_REFS.json,1139,DF6FE3EE253B0F205C454F45B853220A9809A29CC2B5B2ABE025243A2A10CC4B
01_RAW\ghidra_output\S18_DISASM_amm_ctor_006c8f80.txt,3608,663D00CAF56F0D2AD99B3C8759556F26C4E0EC074C28B6FE947B373BE8A8E281
01_RAW\ghidra_output\S18_DISASM_BNT2_00967D00.txt,16082,8DFC36A345CEBF55226C5FB82CB2478B31B6B9A1022489785E4B70750B849B6C
01_RAW\ghidra_output\S18_DISASM_loadbyname_00799930.txt,4315,2845ABAAB9EF141C5B9DDEC822FE6F86696D0CD15EF5E4AB41A858FE32FE4EEA
01_RAW\ghidra_output\S18_DISASM_sink2_00797520.txt,5235,168D5CA20D8648FCB4DEC5F43434142DFFFD73E3430109514D6D3E83E83559CA
01_RAW\ghidra_output\S18_DISASM_sink3_0077c180.txt,2371,24DF855D6A00C7098AB7E893852AB207DE7B2C4ED6F3FFCCFA76263328A79368
01_RAW\ghidra_output\S18_DUMP_INDEX.json,1295,ACE9421A789B518E8FBB41C269001E19E21C75A4F1D1F01BC578DFEC42A724DC
01_RAW\ghidra_output\S18_PSEUDO_amm_ctor_006c8f80.txt,996,B4A0B9AD307BDA2AE1A6EE0450D1A7A8A3646D8C000571B69980CF48BB9DAD93
01_RAW\ghidra_output\S18_PSEUDO_BNT2_00967D00.txt,4467,CAFF20EC73CBB49BCA41C376700DF3DF4C5DD20BB3911456DF6E703DBAEACE64
01_RAW\ghidra_output\S18_PSEUDO_loadbyname_00799930.txt,939,C09DEA941EE7010EE18EFB0496D124461F8B1E8FD78EBD243A9DBFC5AE8F664D
01_RAW\ghidra_output\S18_PSEUDO_sink2_00797520.txt,1127,3891EA4507444F51698DBFA6EC016496D642C5A715D949D6622D2F417A338A8E
01_RAW\ghidra_output\S18_PSEUDO_sink3_0077c180.txt,608,E1D7157651A868F227CF9A34B7704DA7C2C06330F4C8ECA3E642A1A9617E6331
01_RAW\ghidra_output\S18_REFS.json,510,C84ECE1D31D74E9CDF72F8AFB1FB3486CFBF9A98A6B6DD31527FC52FA94EBDC3
01_RAW\ghidra_output\S19_DISASM_DISPCALLER_00479810.txt,18447,6E6456D86A9A00B588F93C55A116FD461C93348F78E24AA3BFBE64C4A497ACC8
01_RAW\ghidra_output\S19_DISASM_DISPCALLER_00538B30.txt,1000,7A415CD72DFA6E01532375679A81BDC0F9402562CAF1CC881B7EB6960E832165
01_RAW\ghidra_output\S19_DISASM_DISPCALLER_006B9E80.txt,743,86498270282BF745EC2914A6B45195F3E45C11F80848E32EDB10B8CAA37D1791
01_RAW\ghidra_output\S19_DISASM_DISPCALLER_006B9EE0.txt,6539,900DAA0701002921F8B85B65ACCE7C6354D47F48DD7905DBF800785F6181D5AC
01_RAW\ghidra_output\S19_DISASM_DISPCALLER_006BA110.txt,1076,5EA5343ACE8FFC59373530939FE8D1D03E42B7C0FFC930737616A73CCF75A4B8
01_RAW\ghidra_output\S19_DISASM_DISPCALLER_006C9700.txt,5910,620E3C1BB0A467147E304C608061496C96FE863765D0783D6FB1412529F94E0C
01_RAW\ghidra_output\S19_DISASM_DISPCALLER_00821760.txt,6103,C49F18BBAA1FB4399EA71D9E2BE8CB030E6803BFB4C2C93A47FCD03A0CBDCBB4
01_RAW\ghidra_output\S19_DISASM_DISPCALLER_0083ABE0.txt,1000,491345614D4A3EBADA81C70958863BAE55AA3778482C133BAA4A5042DCE0F81E
01_RAW\ghidra_output\S19_DISASM_DISPCALLER_00852BA0.txt,1000,E30D1A7040B776CDC5778F72857FE3BF31F57508DFCDAC4B5A4E798F94019C14
01_RAW\ghidra_output\S19_DISASM_DISPCALLER_00863400.txt,1000,4F012F42E95A5FD3C559420BC132A78615DF1AE858E8D655F628E10CA5347FA6
01_RAW\ghidra_output\S19_DISASM_DISPCALLER_008B9ED0.txt,1000,8CBC9B2D4800094D9746F45DBC181D7D124FB9A5E5CA223AD78F46FCED612C3E
01_RAW\ghidra_output\S19_DISASM_DISPCALLER_008C50F0.txt,1000,1E4C034EA633674117F52EE7CC4AAA036018D90D3D11C37D9BC356AC1EFA2C7B
01_RAW\ghidra_output\S19_DISASM_DISPCALLER_00934670.txt,1000,08017E6817D36E405845EE65A8A0411ABF6D79BC29BAAFCFF3D71E620D803826
01_RAW\ghidra_output\S19_DISASM_DISPCALLER_00935200.txt,12857,23649EEFB27C72F389CF6748638910E4E36C9BABF49B1B8EFAFC89BA8F3D2D91
01_RAW\ghidra_output\S19_DISASM_DISPCALLER_00952A80.txt,1000,0C74E1F81034606B68EE701EB74C93194CA6CA66C98A3A14BC64EFA5682D4F7F
01_RAW\ghidra_output\S19_DISPATCHER_CALLERS.json,4133,F39BACAB041189D38C51991E34C3BA60F6BBCF4D4E99184BB7ED3DAA9EDC3E56
01_RAW\ghidra_output\S19_DUMP_INDEX.json,3289,71B326184AD7ABCCC6DB22ED264C12705D21465C71B55732B7C8A54830A0C33D
01_RAW\ghidra_output\S19_PSEUDO_DISPCALLER_00479810.txt,8374,6569EE4375916F77E123B67DF5CC3782368FC7AE2CD56BD5832A780A2561DB5C
01_RAW\ghidra_output\S19_PSEUDO_DISPCALLER_00538B30.txt,379,E2808457EC482F1FCAD0D046685D9CC5698D1CEAF9247A3FE4438D32395FF9AC
01_RAW\ghidra_output\S19_PSEUDO_DISPCALLER_006B9E80.txt,228,F22B6AAC2191EFD82F67EF5BA550C246EA5DAFDB34A3DA54B71C71DF43613108
01_RAW\ghidra_output\S19_PSEUDO_DISPCALLER_006B9EE0.txt,3863,36C33CC683DF08B62852C89F19564D139E23716FAA244FF91B59DAC0EC1ABE46
01_RAW\ghidra_output\S19_PSEUDO_DISPCALLER_006BA110.txt,368,5FF5D963522BADD5F3ADD163F23AA85F3AC48A4CF1D246A056C0A9ED2275B435
01_RAW\ghidra_output\S19_PSEUDO_DISPCALLER_006C9700.txt,1583,96AB29601551AA32C7F2B1A13D1BD3FF01994D77A7C3F965612E2CC8D66A2C98
01_RAW\ghidra_output\S19_PSEUDO_DISPCALLER_00821760.txt,3955,B6C9D359C11805C9CFFEBBE3153DC28972E63CF3D2DA5405AE179667749A29D0
01_RAW\ghidra_output\S19_PSEUDO_DISPCALLER_0083ABE0.txt,379,7CFD356845B6F80FB3FAA19CC0BF38817EF77509C3ED06C8E9C380188F2B0838
01_RAW\ghidra_output\S19_PSEUDO_DISPCALLER_00852BA0.txt,379,87C736868BF3B446C935FF1DB8F72E84210A1455495ABE6BB29A8B1F4C885A11
01_RAW\ghidra_output\S19_PSEUDO_DISPCALLER_00863400.txt,379,2D2C678B0A039E205E906B96D7B01C02CF73B3C191B9E05C1F9A1C5DFC286C3A
01_RAW\ghidra_output\S19_PSEUDO_DISPCALLER_008B9ED0.txt,379,14797BA8877186E7FD9EF754742A368A5571448FDEA21B494FB7377D599C6733
01_RAW\ghidra_output\S19_PSEUDO_DISPCALLER_008C50F0.txt,379,F6A8F10A2C7EA4258D3626FCDF41390922B0415D937306CAB6369318FFF945CC
01_RAW\ghidra_output\S19_PSEUDO_DISPCALLER_00934670.txt,379,01C1261E01FCE5A82BD6CF69BCFA5BBBD0A6D448A33BE01433DA024471F8B369
01_RAW\ghidra_output\S19_PSEUDO_DISPCALLER_00935200.txt,6647,2C2A0F2CF0B331696190A66963EBB885A39626BC4E89005ADBC7564364579462
01_RAW\ghidra_output\S19_PSEUDO_DISPCALLER_00952A80.txt,379,AEF3AE12C6F65F7023E6E6720DEFFE6D78083BEE6C809953801943C4FC3E285B
01_RAW\ghidra_output\S20_DISASM_MRQ_00441200.txt,19331,6EE6F7462CD7388374A0E77D114C88F8733B3A2A8922C9E8DDE6AA4B05857009
01_RAW\ghidra_output\S20_DISASM_MRQ_004C83C0.txt,19688,E41280918D210FB85E6A172C0ACB4D4583D38AE566E1652E0615145971647BBC
01_RAW\ghidra_output\S20_DISASM_MRQ_005F5A80.txt,10338,E01EBE40A5684035F40917832AEC2DB2D363F5D61D577B9C9C664A3E9631CE48
01_RAW\ghidra_output\S20_DISASM_MRQ_006B4C50.txt,11881,8BA4C403CDFDA815B0718E5DA508430F6E8E450E512109AF206C45DC9C52E5A2
01_RAW\ghidra_output\S20_DISASM_MRQ_006B73D0.txt,7048,E99510502880DFBB2C0DB0EFF5D157D736C528F4F26D166DFBB2260657C4EE17
01_RAW\ghidra_output\S20_DISASM_MRQ_006BC8E0.txt,32358,48A6AFC86DB8719F39ED73CC381856A20C93CF84901317E8310D05925FBC21C2
01_RAW\ghidra_output\S20_DISASM_MRQ_006C6F60.txt,4903,09ACE70C3E9CBA1C7EEF2C604C372C9FF42EF27F3AD0011D20F55B81CB46ABA0
01_RAW\ghidra_output\S20_DISASM_MRQ_006CB6F0.txt,7738,30E76500D1AA8FD0E05E8F21D871485AF0A847865AB986766D4C5AF7B21C9614
01_RAW\ghidra_output\S20_DISASM_MRQ_0093BE20.txt,18231,652F722A843830848B209353BFE1F236158836B09F25C936BA80B3C98BBDA2FD
01_RAW\ghidra_output\S20_DISASM_MRQ_0094B1D0.txt,18437,6EAE1FA40A0B2BE566C253D68140346C0A3B47469894F2E22DA0EFFA53E9E793
01_RAW\ghidra_output\S20_DISASM_MRQ_0094DA20.txt,13685,3C6BD75597EA06EB3251C50CAF807996FA89845C1255E58325B510955F002CBA
01_RAW\ghidra_output\S20_DISASM_PUMP_006c9700.txt,5910,620E3C1BB0A467147E304C608061496C96FE863765D0783D6FB1412529F94E0C
01_RAW\ghidra_output\S20_DUMP_INDEX.json,2501,839D57D81C6AA20E964FBBEBD9BD879D6979EA24360968AB77B1053123405BB7
01_RAW\ghidra_output\S20_MODEL_REQUEST_CALLERS.json,3231,A8465349BDD0CDC0D53A7BBA6187664D22A49ECD288B9686A7D64383BF8FF439
01_RAW\ghidra_output\S20_PSEUDO_MRQ_00441200.txt,7568,E7980D81793CF1A8CE8F2FDF93A54BA620B6058EF3F093014882D5BF42294FC2
01_RAW\ghidra_output\S20_PSEUDO_MRQ_004C83C0.txt,7570,18061D8D95C4F63D3C5E45D8667C6421EF504F20588410F7791FED12E13D5BD7
01_RAW\ghidra_output\S20_PSEUDO_MRQ_005F5A80.txt,4802,28918A4055D1F4897E4064C1A11329B84AB2F81F6FA804E41569A945E40AE2DE
01_RAW\ghidra_output\S20_PSEUDO_MRQ_006B4C50.txt,5011,ABD1BFD84C7A32A97792BE6AEBAB5080CB7A6FB412A4A0FEE2FA2A0EC7223EE5
01_RAW\ghidra_output\S20_PSEUDO_MRQ_006B73D0.txt,2897,2C6FD858EDCD1DD82EB19AFFC01E5282E0ADC1B026F3323A3A06E27B27E114C1
01_RAW\ghidra_output\S20_PSEUDO_MRQ_006BC8E0.txt,18643,DF616AA2F72A570806712E0B01FB765FE55A482685C88464DC9867371C0BF7AE
01_RAW\ghidra_output\S20_PSEUDO_MRQ_006C6F60.txt,2525,BF17DF96A29D60BBF93C52AD2B0770BD25A499287692CA0D48EDE0CCD8CE52CF
01_RAW\ghidra_output\S20_PSEUDO_MRQ_006CB6F0.txt,3066,617647B2CE9C797C64BF8BFE7B5617F7E17C2CE943D2593D0BC40A9F191399AF
01_RAW\ghidra_output\S20_PSEUDO_MRQ_0093BE20.txt,7693,46CCC702AACB65F0354B81364E18B5E217C2DF6DBBB7DA477B805375E6E8259B
01_RAW\ghidra_output\S20_PSEUDO_MRQ_0094B1D0.txt,7888,A0C2C9566EB40FFBE2EC0FD018E65F509FA643CAFD2AF6B4F0A7623C41168278
01_RAW\ghidra_output\S20_PSEUDO_MRQ_0094DA20.txt,6127,A6D60090A89D789D313545E55AF078993192F9DED9A5FA788264117757DEC6E5
01_RAW\ghidra_output\S4_STRING_CENSUS.csv,55,91DB0FE77CB68018A89920916A3108F033341C9F227136589FF3D08EF99DF092
01_RAW\ghidra_output\S4_STRING_CENSUS.json,2342,6FB26DF35E213AF24AA13DF74D2A2F54B9BDC0B139F083B91A552E122B76BBA5
01_RAW\ghidra_output\S5_DISASM_LEAD_0094BD30.txt,3715,8714C6AC51465846AA41CC8CD7E2478386B30FDB241DDE5CE571BC8863152ED7
01_RAW\ghidra_output\S5_DISASM_LEAD_00959090.txt,13006,453916E653D29E98A528C8FFE35441DA536B62C03F94089E195561286B59D7BF
01_RAW\ghidra_output\S5_DISASM_LEAD_00971AD0.txt,4326,62E5ADCA391862E963A04568642AF40EC622A9AB8370946685FABFF2F8153A48
01_RAW\ghidra_output\S5_DISASM_LEAD_00972AD0.txt,10595,51A9E05A8EEC410AA6B86B4C25A4D554AA033666F712CCDE4383D369D40177B0
01_RAW\ghidra_output\S5_DUMP_INDEX.json,3325,08EAEF277A7116E796129B13C98D29EB95BA8775435A868B21DB6788D74416EB
01_RAW\ghidra_output\S5_PSEUDO_LEAD_0094BD30.txt,1102,CDC623D2BD80ECE4359149DA04B6EC9DD6C17E3F76EA9D1415E85DA45A653538
01_RAW\ghidra_output\S5_PSEUDO_LEAD_00959090.txt,3556,EC8D50251F69B2C063E45BCD4D0FA824120ACCE8BBF1621AA488B24F432714E0
01_RAW\ghidra_output\S5_PSEUDO_LEAD_00971AD0.txt,1179,7AB94ACEFFC41C6669675A266EB8057404D901A58BEB9A0E30C1D1342CB0BB08
01_RAW\ghidra_output\S5_PSEUDO_LEAD_00972AD0.txt,2788,070663846F86A66DC9198EE3171BDB304E924B69B6A98F0FBA88A4186306408F
01_RAW\ghidra_output\S5_PSEUDO_REF_0041DAE0.txt,74,8A64939A4D50172B02457AB28AEC8D2565ACEB04DBAC39FE6DA8D8D624184EF7
01_RAW\ghidra_output\S5_PSEUDO_REF_004B0980.txt,2759,C2914CC6594B62F3F177704D9107D54E80C6B300FA0FE00ECEE7208D7140F6F4
01_RAW\ghidra_output\S5_PSEUDO_REF_006EC760.txt,4456,8925D1C8526637C2D854E1D3928475B8295374EF7BA114A02BB730E2A3C50B41
01_RAW\ghidra_output\S5_PSEUDO_REF_0070C3D0.txt,889,4C7C60834F05ADE372FD754C6F73C74020C56903E292A8A83E868E096EE0D324
01_RAW\ghidra_output\S5_PSEUDO_REF_0070E810.txt,2067,7F6C0E5E71C7A8CC540793DAD7BA6B75E2F0D93CC897858EF31E4D8EF49B9C00
01_RAW\ghidra_output\S5_PSEUDO_REF_0070EC20.txt,2067,300F55F5C57F7A9A90A919993B6E157CD2F2BD330CCE5B92C5EBAB36F0CEE064
01_RAW\ghidra_output\S5_PSEUDO_REF_0072FA30.txt,3168,520BC04B077FDDE1184768B0555E0376EB816910E54ECE5B509C147EDE26C690
01_RAW\ghidra_output\S5_PSEUDO_REF_00766A00.txt,2597,D437204181D332AC59D00CAAA2F29AF897B61BF21E5822C1F7D93C391D450F45
01_RAW\ghidra_output\S5_PSEUDO_REF_007EE5F0.txt,133,CCE05C25B1D73FEF4C26A3A0D3E0F8C8C8A3DFDB623E0984D3AB64FBE8D43CEE
01_RAW\ghidra_output\S5_PSEUDO_REF_0094DFC0.txt,3709,EBBD22B574E74EB6FCE3B1FF2771C74FC70D01E5D9ED710E3D5A43D032F83E2F
01_RAW\ghidra_output\S5_PSEUDO_REF_0094FE00.txt,3709,904BCA6AF7868FE8F1027A7EFDBBD7C62C0523EC8746445D0E4A2C0CEF74044E
01_RAW\ghidra_output\S5_PSEUDO_REF_00971680.txt,1176,BE9805996BAAC429D0CD731021590AB01CA64B256CA751EFFC608A258C8A0FDE
01_RAW\ghidra_output\S5_PSEUDO_REF_00972DF0.txt,5159,BAA6FDAA9161C5F286203A9CF8A2F145C5BB93B1B167DE1F7543630CCA3EDB96
01_RAW\ghidra_output\S5_XREF_ENRICHMENT.json,9055,712DF71F25884E252EF7B90D088A7244CB69377447477A5198350866757EBB45
01_RAW\ghidra_output\S6_DISASM_crc_006b22d0.txt,122,4BDDC2964E4A3B121A1B7A41256E20526ADED68FEACF309AC254B8AD56F00DD3
01_RAW\ghidra_output\S6_DISASM_helper_004023c0.txt,2921,5247B5F19EB2651D21F96505AC35271E3C7BB7BD986489BCB847B10565AC08B9
01_RAW\ghidra_output\S6_DISASM_helper_00404c30.txt,2001,AF406F0E5F1ED4915482FF6DDAB35B7480137726473E46D28A182B2AAF814D3B
01_RAW\ghidra_output\S6_DISASM_helper_004063d0.txt,2390,4ED47CC2B65F475B7E019805BD24D44EDAFC3CC1E8CDC8C5DCB404F3CFD99EFC
01_RAW\ghidra_output\S6_DISASM_helper_0040de00.txt,673,3F5624D9D2B2301210E51B30FBDAC455785C79E02636FCFACFD6BAF1DBFC622A
01_RAW\ghidra_output\S6_DISASM_helper_0040de60.txt,486,9743BC8E1DDF6D0E8CB10DF9617CDEDFC19DE095F08BC6CC63D70D2DBF81CEF4
01_RAW\ghidra_output\S6_DISASM_helper_0040e160.txt,582,C418EC125CB0D8D19E8B0138E22787CA4E5EE0C86F768BFB26D9721685CF87B4
01_RAW\ghidra_output\S6_DISASM_helper_0040e180.txt,360,1434C773C2F7D69028E36A7AAD1CB49FAAD81546688109BB384F741E82DB9A7F
01_RAW\ghidra_output\S6_DISASM_helper_004123d0.txt,116,0211B9818033BE6267B86F56B54E1E71BFC4E3ABE37FF85951280E4F2298B8EA
01_RAW\ghidra_output\S6_DISASM_helper_00412430.txt,2493,0203F6C7063F4E01146EACAB2ABC4B5CF833D3724BC750CE057646181EF1C2DE
01_RAW\ghidra_output\S6_DISASM_helper_00413440.txt,174,1BB8AD421ABE2B78526933524738F725E406A8202C957AEAA69EB9DEA1A7E703
01_RAW\ghidra_output\S6_DISASM_helper_00413450.txt,174,0EC9D9196F447A133DE7BE13493C7AB3987DBB303C6817E3F68234AC1EE48519
01_RAW\ghidra_output\S6_DISASM_helper_00417eb0.txt,202,247403DE9058BE91E5A74AA0AD51B1F6E6F92A5A55F2A83EBE17C1F9B0A5BCA5
01_RAW\ghidra_output\S6_DISASM_helper_00730700.txt,1110,19537B1485DE3D42C0C8BC0803AC2645E5D1EB99D6A0E884EA0385FF8C6A2F6B
01_RAW\ghidra_output\S6_DISASM_helper_00730730.txt,2153,6589FDA960210AC658622E1C529424FC5C4B36A0B20C731649C522B3F4441430
01_RAW\ghidra_output\S6_DISASM_helper_00746550.txt,122,D0D6D591E5D04A718D7D910D7CCB0A177575FC886338611D5BCC7D4C4FCD1273
01_RAW\ghidra_output\S6_DISASM_helper_009728d0.txt,5138,DA954BEF4CF3676D4491D8AA13A45B8AD28B444DD88B7C1F9A22D8754CBFD969
01_RAW\ghidra_output\S6_DISASM_helper_009729d0.txt,5138,4B33B8C68094E09FE111E5815F3B81191FD7C5D0B795F5B8AFA863C6668164C5
01_RAW\ghidra_output\S6_DISASM_helper_00979cc0.txt,686,4C3FC360A8DDD0B09B9C81EC86105CC81CF91F08D9A8542F93D6145298E6FC7F
01_RAW\ghidra_output\S6_DISASM_helper_00979ce0.txt,703,1C4CDB77DA4198E50B9D83E63CAEF23D87777460502F0DD8D789077EFBE8FA04
01_RAW\ghidra_output\S6_DISASM_helper_00979d30.txt,5406,4EFBCC4367C6C46FE85B42BE07756F729DA21F7600E6C1A35234409C47A6BDE8
01_RAW\ghidra_output\S6_DISASM_idxnode_009721d0.txt,4406,6859FC19FD0ECDC630CCC44244C491B6808E3B3073D53C1979954AA2F2E4C2A0
01_RAW\ghidra_output\S6_DISASM_idxnode_00972280.txt,3495,1BA628A49DCBAEE011FE20EC2B9F175D3517532CD650AADAEF3AC957AEB510EC
01_RAW\ghidra_output\S6_DISASM_parse_00730c90.txt,8286,E6FB3D709BB5BB90B21A4F6CC08637CF50B133C33E4CD7D8B8D5B6E8AA35D970
01_RAW\ghidra_output\S6_DISASM_pathjoin_00401e70.txt,3875,32982EBCBB3C642F645D2295CAF40BE7AEF0299E9D686A45D7F89DCC48E2CCE0
01_RAW\ghidra_output\S6_DISASM_postparse_005670a0.txt,2833,081AE1BDF27870D5F08B9A6BE8FFB45B5CF38250EEEC6AF03FDBF343E9E48DB6
01_RAW\ghidra_output\S6_DISASM_reclookup_00971780.txt,2223,7EC48EFA74EC82405BA3FDDFAA3C1FE63E56FD84B1F3B326BFB6483BCCC2BFDA
01_RAW\ghidra_output\S6_DISASM_recoffset_00979d20.txt,181,7A0533471B89DE8B49C244513AB17F722276AFC7A5280C9EDB0BC1A5DB525AE5
01_RAW\ghidra_output\S6_DISASM_register_0072f8d0.txt,8476,536CE97DEB20C1EF9DF3996A8F460ADA6699336A64F51C3794F59CA425183243
01_RAW\ghidra_output\S6_DISASM_strcmp_00408b60.txt,1870,088BFD107CC9E2DA2938567FB81B1B3CD3B3C699EC21C64D5F9F6EC3F0B6E758
01_RAW\ghidra_output\S6_DISASM_stride_00979d00.txt,762,B0684DBF6A51612C639F8E6605396862FA26992A58B789F0E2482D93E10E05AA
01_RAW\ghidra_output\S6_DUMP_INDEX.json,6164,65FDC4BDCD4AEFFE1715CD4DC1A464038F74A90C163F353834B16DB15B4E5AD0
01_RAW\ghidra_output\S6_PSEUDO_crc_006b22d0.txt,110,526D6108DD1DDF2947554190D456D6812DB895ED6B5CDDDE931337576B014F75
01_RAW\ghidra_output\S6_PSEUDO_helper_004023c0.txt,824,DBEE356EDF454938FB8CB1E2F33C63C3B1D3AC23756EC5CC8CB400A8EBD9ECAE
01_RAW\ghidra_output\S6_PSEUDO_helper_00404c30.txt,666,F5F0C8796A827EF21D97A4CBD4A5565A5437116E0C6DCB5DE77A820F1076DC5E
01_RAW\ghidra_output\S6_PSEUDO_helper_004063d0.txt,523,1B7A9500C2DC63D158988F77CBFE32217396DCC486A7E00C8B5475595EE83DF1
01_RAW\ghidra_output\S6_PSEUDO_helper_0040de00.txt,368,6A718742E42038C5E51603C944DEF6A8B75961B46D6B2B54828CAA458752C338
01_RAW\ghidra_output\S6_PSEUDO_helper_0040de60.txt,277,E9AFD0B502CDB096D92B97FF4076E894A28A85A38E6F43258F3A61ABC7564F22
01_RAW\ghidra_output\S6_PSEUDO_helper_0040e160.txt,302,F409704D50F6E425501EE1679880055F38655CE23DFF4F0DA431850FFA01D4A9
01_RAW\ghidra_output\S6_PSEUDO_helper_0040e180.txt,135,29A384DBE9F1C5009CD9DF226695409B5C238C3D706D63DFA29AEBC489398DE6
01_RAW\ghidra_output\S6_PSEUDO_helper_004123d0.txt,96,2084269BEDE6EB9D2C24A3782A09F5193B2E478B83E2DE5CB40F77B9F8F53868
01_RAW\ghidra_output\S6_PSEUDO_helper_00412430.txt,589,AA52083814C97E052DED4A32294EC3934451FF0880EB9B747BD6253A9B0CB363
01_RAW\ghidra_output\S6_PSEUDO_helper_00413440.txt,123,FF8239097239FE04D1A757C8D27225CDB8E2C89D597981677F020BE1EBF7A3EF
01_RAW\ghidra_output\S6_PSEUDO_helper_00413450.txt,123,A8CEB1E8F87B718B61888AC6F1CC76735F0F33E9370A92385BCE121009BC55F5
01_RAW\ghidra_output\S6_PSEUDO_helper_00417eb0.txt,145,DE192348DFDE0634AC2C01E1DB163171855C15199632CC47E1D1D082D6BD5C86
01_RAW\ghidra_output\S6_PSEUDO_helper_00730700.txt,322,9EE293D064275CB74E85339788B5591739A125B6D9385DF1B49C5DDF82D6443B
01_RAW\ghidra_output\S6_PSEUDO_helper_00730730.txt,599,8CFDD436F0AF8C308D13BBD860DD845361EE1FB712F361A593B759E2AA5551AB
01_RAW\ghidra_output\S6_PSEUDO_helper_00746550.txt,108,258EC9CD4F241339A8612DDDF7003F36FA57442D0E5E6BAF185E285B2DAD22A6
01_RAW\ghidra_output\S6_PSEUDO_helper_009728d0.txt,1738,9DED4A87636CE5F8384E70979BC13ED0D5B6891584B43D01F655B2B249735BF5
01_RAW\ghidra_output\S6_PSEUDO_helper_009729d0.txt,1738,DD968BCFC55FAB8A48ABC9FFC4BFD623085DB6A5A103BA60B53BEFF5D03AF133
01_RAW\ghidra_output\S6_PSEUDO_helper_00979cc0.txt,245,36E0E3F52548F003068AE4F2D30ACC58F4A2711F3F98236874FF7C7D33AD79E5
01_RAW\ghidra_output\S6_PSEUDO_helper_00979ce0.txt,238,EDC69A5ED07DDF0A0469DBEC8B4D13DEA1297B1863698F1FB27D1B8766947D5B
01_RAW\ghidra_output\S6_PSEUDO_helper_00979d30.txt,1678,AF8492581CA5913FE392A223B74C3179CBCECEC125A14CE48215AE9E0FF07985
01_RAW\ghidra_output\S6_PSEUDO_idxnode_009721d0.txt,1078,02F9D05EDF2241CDAA20CBB848A86E81E7BF5C1C4498E2F8F936EA212E3FFDA9
01_RAW\ghidra_output\S6_PSEUDO_idxnode_00972280.txt,804,92608FEBF944E36D2F3EA99EC4766B98237E2A0298244403C211927A608B6756
01_RAW\ghidra_output\S6_PSEUDO_parse_00730c90.txt,2373,F99E07D444979AB84E628B15CF4A1CA54E29CDF4DF9020DA9898DC845EBE6C14
01_RAW\ghidra_output\S6_PSEUDO_pathjoin_00401e70.txt,1946,75EAD323CAEC8140BF42D70D3C075651F8342E348D39DBC24FD186EFB130A002
01_RAW\ghidra_output\S6_PSEUDO_postparse_005670a0.txt,613,4EA06C8D5BE961674F49FC4013AFD66C9C38AEC5D57301172FF57EA8FC603826
01_RAW\ghidra_output\S6_PSEUDO_reclookup_00971780.txt,597,CABE5ABF9651FCF83AD09B89B7DA022A00ECDA02DF092D73ACF9C21077B3D89C
01_RAW\ghidra_output\S6_PSEUDO_recoffset_00979d20.txt,104,B1B70387570267D429440661E0C10EB45949D8AA541A45C50EFE817962F403E1
01_RAW\ghidra_output\S6_PSEUDO_register_0072f8d0.txt,3567,78F102F42147F7CB5D49359B75B1F70090D599CE1114357FAB72EDE158942E44
01_RAW\ghidra_output\S6_PSEUDO_strcmp_00408b60.txt,777,3E631FB29A584B594D7AEBEF50E68BED793E272BF19F9B09B5104C0536807060
01_RAW\ghidra_output\S6_PSEUDO_stride_00979d00.txt,246,E65D228E575F62B51E00E57500A1EE46AA4174B4055C5EA4402B6D7850E7D099
01_RAW\ghidra_output\S7_DISASM_copyctor1_00566f80.txt,3486,4C69A8B95E546F597E2DF1712BC2791DF817FDAEE11471EB126A8385060513C9
01_RAW\ghidra_output\S7_DISASM_copyctor2_00525da0.txt,2496,080EAC3E89DDF55F8CADDEA7C69EFD0FFE3FC9EB8C508E4F93215E20CAF8476D
01_RAW\ghidra_output\S7_DISASM_crctable_00406110.txt,3205,5413AA618F7F29B3477967F3B998A15741771405B784BDCABC4FA4BE5E858701
01_RAW\ghidra_output\S7_DISASM_fileread_0040e260.txt,3494,5A87991FEC7BBEB064CBA3C1779157BAFF48F72F8DE27C831CACF7997D22D1EE
01_RAW\ghidra_output\S7_DISASM_idxnode_009721d0.txt,4406,6859FC19FD0ECDC630CCC44244C491B6808E3B3073D53C1979954AA2F2E4C2A0
01_RAW\ghidra_output\S7_DISASM_idxnode_00972280.txt,3495,1BA628A49DCBAEE011FE20EC2B9F175D3517532CD650AADAEF3AC957AEB510EC
01_RAW\ghidra_output\S7_DISASM_indexwalk_00972ad0.txt,10595,51A9E05A8EEC410AA6B86B4C25A4D554AA033666F712CCDE4383D369D40177B0
01_RAW\ghidra_output\S7_DISASM_loader_0072fa30.txt,10295,38226054217A9A5338D9F2C93011AC9AFAD25D89E834A950DF9C2B5E28C80C8D
01_RAW\ghidra_output\S7_DISASM_nodealloc_0072f7f0.txt,2654,C94F0496AF83A0A05DCB50D0DDA398275DC6A24E9A30E83F902C1BC9F7F82B95
01_RAW\ghidra_output\S7_DISASM_reclookup_00971780.txt,2223,7EC48EFA74EC82405BA3FDDFAA3C1FE63E56FD84B1F3B326BFB6483BCCC2BFDA
01_RAW\ghidra_output\S7_DISASM_subparser1_00730b70.txt,5901,9BE283828FE2B74AB667BC0F8DEBAEC0BE278B69A6328882A3C7AD8CCE4DE08C
01_RAW\ghidra_output\S7_DISASM_subparser2_00730970.txt,5138,FBB737FD1AD5FBD7BBEC7EA42BAE8EAE10E47A9BC7C12C2E394154774A22F638
01_RAW\ghidra_output\S7_DUMP_INDEX.json,2615,B31612FCB804469B1D1F29444657FF491ECC73FE2B83718E4987B9A128E08A16
01_RAW\ghidra_output\S7_PSEUDO_copyctor1_00566f80.txt,817,FE75C2B1B410F822CCB51CAE2BF95DC02501C114FA872DB7C28C4257E0208C82
01_RAW\ghidra_output\S7_PSEUDO_copyctor2_00525da0.txt,764,04F4511DC0E527776279B56DDC2CA15D23B909C990AD2C8DD698FC2F4034EB87
01_RAW\ghidra_output\S7_PSEUDO_crctable_00406110.txt,1224,0985EBD3644F8FE046E914E566B10B7458E86BC385E23887BB6315F57A26AD6B
01_RAW\ghidra_output\S7_PSEUDO_fileread_0040e260.txt,1179,42C99DD0F1834999D44114C2479C0795CE12E33E0D47698181A67BD0A3D1B1D0
01_RAW\ghidra_output\S7_PSEUDO_idxnode_009721d0.txt,1078,02F9D05EDF2241CDAA20CBB848A86E81E7BF5C1C4498E2F8F936EA212E3FFDA9
01_RAW\ghidra_output\S7_PSEUDO_idxnode_00972280.txt,804,92608FEBF944E36D2F3EA99EC4766B98237E2A0298244403C211927A608B6756
01_RAW\ghidra_output\S7_PSEUDO_indexwalk_00972ad0.txt,2788,070663846F86A66DC9198EE3171BDB304E924B69B6A98F0FBA88A4186306408F
01_RAW\ghidra_output\S7_PSEUDO_loader_0072fa30.txt,3168,520BC04B077FDDE1184768B0555E0376EB816910E54ECE5B509C147EDE26C690
01_RAW\ghidra_output\S7_PSEUDO_nodealloc_0072f7f0.txt,706,569BB8C5B1437C3F1DD5D281225A4F4253742EB2DF41E659DF83A23AFFA1EF26
01_RAW\ghidra_output\S7_PSEUDO_reclookup_00971780.txt,597,CABE5ABF9651FCF83AD09B89B7DA022A00ECDA02DF092D73ACF9C21077B3D89C
01_RAW\ghidra_output\S7_PSEUDO_subparser1_00730b70.txt,1890,FED20138CCA1EB34DBF2887E0A6E0341A575A87C42AE680FC15E4712F9329E40
01_RAW\ghidra_output\S7_PSEUDO_subparser2_00730970.txt,1430,27535295066F3CD724D363EEAC70A4AB584884D3BC64CCF60AB3A75DB947B446
01_RAW\ghidra_output\S8_DISASM_CALLER_00452490.txt,176,4996C492E43F82D76D3FDE830AB9F94B48B0F34B3DF9865BEDDD2E3D1480D236
01_RAW\ghidra_output\S8_DISASM_CALLER_00840790.txt,237,40AAEE1BA7DB45D6EB0A012121C83A02C976C7B1668F0C7097EEF3D656460E83
01_RAW\ghidra_output\S8_DISASM_NODEALLOC_0072f7f0.txt,2654,C94F0496AF83A0A05DCB50D0DDA398275DC6A24E9A30E83F902C1BC9F7F82B95
01_RAW\ghidra_output\S8_DUMP_INDEX.json,866,9099D8DC2AAF0B56596D5A9DE21E85667EFD5F7BF4F335C9229DB9F0EA697B87
01_RAW\ghidra_output\S8_LOADER_CALLERS.json,1086,E8A3416F6F52F773FCA8084C7F00CD1F122D83477515A8B9D153EC831043A469
01_RAW\ghidra_output\S8_PSEUDO_CALLER_00452490.txt,95,E58B1CAD843F79589607719182ACC5667899E3139C92B4623B54667FDA114D92
01_RAW\ghidra_output\S8_PSEUDO_CALLER_00840790.txt,115,521591D09486700D7B51DAE4A8DDC3A43CD4C3DD613813FCA5D15C55EEA5757F
01_RAW\ghidra_output\S8_PSEUDO_NODEALLOC_0072f7f0.txt,706,569BB8C5B1437C3F1DD5D281225A4F4253742EB2DF41E659DF83A23AFFA1EF26
01_RAW\ghidra_output\S9_DISASM_CALLER_0043EAE0.txt,5052,3E2F2F6B31A2F3556CD8D30651B12A7CE57ECD9D3A83265A06592F0B1BAC6FF5
01_RAW\ghidra_output\S9_DISASM_CALLER_00452490.txt,176,4996C492E43F82D76D3FDE830AB9F94B48B0F34B3DF9865BEDDD2E3D1480D236
01_RAW\ghidra_output\S9_DISASM_CALLER_00456770.txt,13122,BD10C676FA80992331CAA1265147E8652D089C012152C7CB8B7F403627F2FC16
01_RAW\ghidra_output\S9_DISASM_CALLER_00457C00.txt,3656,D480BAB27E2FBAE943BDE9448B62292DA9D3566023309F927B7813859B0CF9CB
01_RAW\ghidra_output\S9_DISASM_CALLER_00457E30.txt,8972,C9C44942A74CB0D73BE18587A600AD691D5926B683E9EC00B170200AEE0833A4
01_RAW\ghidra_output\S9_DISASM_CALLER_0046AA90.txt,6315,D2ED68D28DF4EBE30A53025FEFFAE67B28A366D9771A15DFBC556ED65D2C3961
01_RAW\ghidra_output\S9_DISASM_CALLER_004B9960.txt,12773,F599C0FCB678A7FC2BF53B49CA36CF23FC4D0C1E4E3A129F8D0A8643CB99D6EE
01_RAW\ghidra_output\S9_DISASM_CALLER_004C5580.txt,20114,134D0BB526BE320D94A084292F177DAA9947D629A36C4AE06B4C30A5F4E87964
01_RAW\ghidra_output\S9_DISASM_CALLER_004E68A0.txt,9589,4A7F7E21368CC390E8EDAE6846D10FAC8F9E38AB0841D24E83D53711A48D999D
01_RAW\ghidra_output\S9_DISASM_CALLER_0050CC70.txt,30102,84C1FB8DB08DBAB6953FDCFFEF3FBE699604EB16561866F36B740830DAFDD3D1
01_RAW\ghidra_output\S9_DISASM_CALLER_0050E490.txt,76887,135508A720FE01C5C3D8F39F92EAD88265F6485FBD6391774FE7F54FBACBA079
01_RAW\ghidra_output\S9_DISASM_CALLER_00511070.txt,20933,62EE0ACC2EFA7DB4A82D2B0F985D3D36F9BE1A256EE8CE1456B81C59EECC61A9
01_RAW\ghidra_output\S9_DISASM_CALLER_00567170.txt,24995,869753BF4AC869343C20C492E025141988F5A40E274DA6E3DD1244D50D688B7A
01_RAW\ghidra_output\S9_DISASM_CALLER_0067B800.txt,12089,36B40D1A3127584C698B25787A7099A8352DEC202E3411B145CD7E0562C433A9
01_RAW\ghidra_output\S9_DISASM_CALLER_006BAA20.txt,10082,2DD7885086A28CFF017E2F0AC4674BBF19F4527D2F7675C8334F5458A3DF5EC0
01_RAW\ghidra_output\S9_DISASM_CALLER_006C26B0.txt,1637,15295EE42D7CA9B18AA1E424FF6498AEFC81ECBC181EB39C57BDFC67E736B554
01_RAW\ghidra_output\S9_DISASM_CALLER_006C2700.txt,1511,F190C5CD3BF96FBB3F04BA73DA5E2C9BF7F67D9AC05AD993E1161106D64EE7CC
01_RAW\ghidra_output\S9_DISASM_CALLER_006C2750.txt,1535,75DFDBB0765EE731FA5373126753EF0E724C3A5E3F27C60B96051C3A6B37B9B1
01_RAW\ghidra_output\S9_DISASM_CALLER_006C27A0.txt,1535,34206BD06DFB7EA8EB0A2E77BF231D4E9A4BC9F1712A7D961E6647215D64E404
01_RAW\ghidra_output\S9_DISASM_CALLER_006C27F0.txt,1625,BC1F9ECFC7890BEF82FD7A9E3E007863196824E0CB3FC4CC98C9BA3B593079EB
01_RAW\ghidra_output\S9_DISASM_CALLER_006C2840.txt,707,8FC6C5A6948AF3AF71045664F89A32D4656F761A13E4C9F1EED1F1DB02D24F26
01_RAW\ghidra_output\S9_DISASM_CALLER_006C2870.txt,707,4BDA62D23A39071A1EDD9A25727E965A1D698502AAA4B543BD40D5C9AB9CDF56
01_RAW\ghidra_output\S9_DISASM_CALLER_006C3F50.txt,3284,86CE5DA440AB2FC8E0FA6BDB847DD182282D81B6808DA0FD0308CD5463892199
01_RAW\ghidra_output\S9_DISASM_CALLER_006E2610.txt,17536,45854EC5C69FFE647AE87F809285060FB52F25DCCD4076259FF0266FEBBEF629
01_RAW\ghidra_output\S9_DISASM_CALLER_00733490.txt,4133,A01788A4ABC551251755804190D236B736C2488B5C87FA2E5E009D664278F878
01_RAW\ghidra_output\S9_DISASM_CALLER_00848EA0.txt,9510,D2BF7A61A412AD511823649BEDB3F2BD1B8FB23ABDE6F07C530BB63FE372F26D
01_RAW\ghidra_output\S9_DISASM_SINGLETON_0043a550.txt,2132,02A5D4458C2B6CA7D52B7BA58E00F405C4FCAF8F349F5B07B3C487594275060F
01_RAW\ghidra_output\S9_DUMP_INDEX.json,5450,F995EF9A341A6D74C8DB7FA48B05505E9237F6617440415FB3D9C330CE97DC6C
01_RAW\ghidra_output\S9_PSEUDO_CALLER_0043EAE0.txt,947,AFBAD6C47FB61ABDC74BBB354D0D7C6F2AD2401DBB3328C2A8C7AE926A152E87
01_RAW\ghidra_output\S9_PSEUDO_CALLER_00452490.txt,95,E58B1CAD843F79589607719182ACC5667899E3139C92B4623B54667FDA114D92
01_RAW\ghidra_output\S9_PSEUDO_CALLER_00456770.txt,4237,1EF1DE28DCE0A25A94B98CFBC5B2D00F29B55B3295F057F406CAF449CA08180A
01_RAW\ghidra_output\S9_PSEUDO_CALLER_00457C00.txt,927,0F227215466E4D836D8C68321EC16D67FF9B42D8ADDBC13BE115B2363668E60A
01_RAW\ghidra_output\S9_PSEUDO_CALLER_00457E30.txt,3053,6A9C8B62EDA54BDF24B9697A981E4808AA024387CB4A9E7254F735BB9C9C079C
01_RAW\ghidra_output\S9_PSEUDO_CALLER_0046AA90.txt,1876,A17763E499F052E05303F5CBFE0C0CB061E687D296B2FBE38A6CECAF7FD6C268
01_RAW\ghidra_output\S9_PSEUDO_CALLER_004B9960.txt,5469,F8081F8C341265F0D26DB3CDA0E39808942E8AD79853B349E21577150522F572
01_RAW\ghidra_output\S9_PSEUDO_CALLER_004C5580.txt,10870,BB679B02090983B03B50CCD683069AF8923F97E80B1E5C322DD49D7A91A5B167
01_RAW\ghidra_output\S9_PSEUDO_CALLER_004E68A0.txt,2693,0E340D7D9B177DE882EFDF04BB44565195BBA5DD28A417D4EA7353D9CA72A833
01_RAW\ghidra_output\S9_PSEUDO_CALLER_0050CC70.txt,11727,4D63C167FF6EBDD468A9FC8D64BC068AA930D7269D72131DC66E26ED000CA8C7
01_RAW\ghidra_output\S9_PSEUDO_CALLER_0050E490.txt,39282,2BBA85137AAC3B78281F34F4AA143E916603F9924BB7F84A7B8A77838D2D0492
01_RAW\ghidra_output\S9_PSEUDO_CALLER_00511070.txt,7235,8C833652AD65DC50012A6A0247761C38961F3C7A80B66E0E9EFB9A41DAAB9B1D
01_RAW\ghidra_output\S9_PSEUDO_CALLER_00567170.txt,8310,676D1010FEFED749F8CB7C897C7D03EE5CF7952C7E7F865C597075E103A360C9
01_RAW\ghidra_output\S9_PSEUDO_CALLER_0067B800.txt,4257,2030E887A2539FAFFD4D22BD31A09020B1F91361307810DEFCFCA1D3BAF8692F
01_RAW\ghidra_output\S9_PSEUDO_CALLER_006BAA20.txt,2846,22577D035761A1049034235868F88AB4C6339E9F4DAFC72CBEDF6C5080E30AE5
01_RAW\ghidra_output\S9_PSEUDO_CALLER_006C26B0.txt,492,6187411527232D8DACEE880403C86F0AC314A21F47ECF67EEEB5E253770FF23E
01_RAW\ghidra_output\S9_PSEUDO_CALLER_006C2700.txt,464,7A2D693CB04AC496DF77DF8D2BF8906675B8075C1FA83A7CD5316D430036E61A
01_RAW\ghidra_output\S9_PSEUDO_CALLER_006C2750.txt,491,E00E402A5980992A021C7C0C76532204075CF2007B850B7429F7B1A441443C34
01_RAW\ghidra_output\S9_PSEUDO_CALLER_006C27A0.txt,491,71BC18C30ACBAF09642A63EDE396D5461FE7238BF1F2C7F5E7E46A38CC13D041
01_RAW\ghidra_output\S9_PSEUDO_CALLER_006C27F0.txt,493,6A1B6DC068AB8724C42F9FE6A1519AC519BC16B4F30473FF4377C224E8302008
01_RAW\ghidra_output\S9_PSEUDO_CALLER_006C2840.txt,251,09C9788BECCA980A0DCA8DDFDA5D800775F299DACBCF71A43F32629AAC6B6191
01_RAW\ghidra_output\S9_PSEUDO_CALLER_006C2870.txt,251,F6CB783EE69639804622F05EF1DEF9884E69B1476080950E4B6CD6CC5C9EA21F
01_RAW\ghidra_output\S9_PSEUDO_CALLER_006C3F50.txt,741,5C884A9D8594CC3313A7B705F78777244FA875B5E9F2ECF4D8B97B5ABD8F4B4C
01_RAW\ghidra_output\S9_PSEUDO_CALLER_006E2610.txt,4274,67DE71E2C388180850F7CA9B4015BADA315FE6E15D07605E3E377BD9945C8038
01_RAW\ghidra_output\S9_PSEUDO_CALLER_00733490.txt,1280,08FA23F52AF54A8A198A1CC12936312E3E77360E84ECBCB07AE052B9D855FD30
01_RAW\ghidra_output\S9_PSEUDO_CALLER_00848EA0.txt,3146,0C55E72FFCE92D07923A1EC51282E5D25A68FB0ECE3C612F29C15D7AF2BC2CD6
01_RAW\ghidra_output\S9_PSEUDO_SINGLETON_0043a550.txt,607,13ED074485839555F665A3E21059583D6AAC9130263087FBFAA5D170907B3A31
01_RAW\ghidra_output\S9_SINGLETON_CALLERS.json,8215,16001A9B73A2999E15D6D55EC7C8B3D8DA21A82FDFB6707DEDC635332AF0A86D
02_ANALYSIS\A_record_definition.md,3417,9B856D8B59ED9C773AF856DEB16ADBB3FCFA7D7D14E9554C4B658414105846E0
02_ANALYSIS\B_template_loading_chain.md,8371,1F05291887016B12195F49D47BE2B77823922DF32A447EBB38E0C1E633FA6C6F
02_ANALYSIS\C_transform_source_and_D_placement.md,3307,4E564FDC1BEBC948E601B383FCE6ED92C7A72182CAC9CB3219BD28CA4356D799
03_EVIDENCE\VA_EVIDENCE_REGISTRY.md,8443,18E6A8C8B0A2F8591367F94461950C7E5D91F9D58B0AD7799342BB91632E1A4B
06_REPORT\00_FINAL_REPORT.md,9653,A5AB51B8B75C1C823784BE4DDD3B5D4A0782592A18E6D11F5CB121BB49C8BEB9
06_REPORT\HANDOFF.md,4927,E22804CB6A734F5B436C0A116D86F16AB4F3459CC5BD12D3616111FD13455DAE
06_REPORT\STAGE_ACCEPTANCE_GATES.csv,4677,6A4F38C78826B21AC95FB5FB56A9F42EEB4E67865F644D45C0B3D167B2E28AFB
