type_name,baseline_fields_for_10_1,observed_in_entropia
ATextureRenderData,13,NO
AvoidNode,15,NO
BSAnimNotes,1,NO
BSBehaviorGraphExtraData,3,NO
BSBlastNode,17,NO
BSBoneLODExtraData,3,NO
BSBound,3,NO
BSDamageStage,17,NO
BSDebrisNode,17,NO
BSDecalPlacementVectorExtraData,4,NO
BSDismemberSkinInstance,6,NO
BSDistantTreeShaderProperty,8,NO
BSEffectShaderProperty,18,NO
BSEffectShaderPropertyColorController,8,NO
BSEffectShaderPropertyFloatController,8,NO
BSFadeNode,15,NO
BSFrustumFOVController,8,NO
BSFurnitureMarker,3,NO
BSFurnitureMarkerNode,3,NO
BSInvMarker,5,NO
BSKeyframeController,9,NO
BSLODTriShape,19,NO
BSLagBoneController,10,NO
BSLeafAnimNode,15,NO
BSLightingShaderProperty,30,NO
BSLightingShaderPropertyColorController,8,NO
BSLightingShaderPropertyFloatController,8,NO
BSMasterParticleSystem,18,NO
BSMaterialEmittanceMultController,7,NO
BSMultiBound,1,NO
BSMultiBoundAABB,2,NO
BSMultiBoundNode,16,NO
BSMultiBoundOBB,3,NO
BSMultiBoundSphere,4,NO
BSNiAlphaPropertyTestRefController,8,NO
BSOrderedNode,17,NO
BSPSysArrayEmitter,15,NO
BSPSysHavokUpdateModifier,7,NO
BSPSysInheritVelocityModifier,8,NO
BSPSysLODModifier,8,NO
BSPSysMultiTargetEmitterCtlr,11,NO
BSPSysRecycleBoundModifier,11,NO
BSPSysScaleModifier,6,NO
BSPSysSimpleColorModifier,11,NO
BSPSysStripUpdateModifier,5,NO
BSPSysSubTexModifier,11,NO
BSPackedAdditionalGeometryData,5,NO
BSParentVelocityModifier,5,NO
BSProceduralLightningController,27,NO
BSRefractionFirePeriodController,7,NO
BSRefractionStrengthController,7,NO
BSRotAccumTransfInterpolator,4,NO
BSSegmentedTriShape,18,NO
BSShaderLightingProperty,9,NO
BSShaderNoLightingProperty,10,NO
BSShaderPPLightingProperty,10,NO
BSShaderProperty,8,NO
BSShaderTextureSet,2,NO
BSSkyShaderProperty,10,NO
BSStripPSysData,33,NO
BSStripParticleSystem,19,NO
BSTreadTransfInterpolator,3,NO
BSTreeNode,19,NO
BSValueNode,17,NO
BSWArray,3,NO
BSWaterShaderProperty,11,NO
BSWindModifier,5,NO
BSXFlags,2,NO
CStreamableAssetData,2,NO
DistantLODShaderProperty,8,NO
FxButton,17,NO
FxRadioButton,22,NO
FxWidget,17,NO
HairShaderProperty,8,NO
Lighting30ShaderProperty,10,NO
Ni3dsAlphaAnimator,5,NO
Ni3dsAnimationNode,8,NO
Ni3dsColorAnimator,1,NO
Ni3dsMorphShape,1,NO
Ni3dsParticleSystem,1,NO
Ni3dsPathController,1,NO
NiAVObject,11,NO
NiAdditionalGeometryData,5,NO
NiAutoNormalParticles,16,NO
NiAutoNormalParticlesData,26,NO
NiBSAnimationNode,15,NO
NiBSBoneLODController,15,NO
NiBSPArrayController,37,NO
NiBSParticleNode,15,NO
NiBSplineBasisData,1,NO
NiBSplineCompFloatInterpolator,8,NO
NiBSplineCompPoint3Interpolator,5,NO
NiBSplineCompTransformInterpolator,16,NO
NiBSplineData,4,NO
NiBSplineFloatInterpolator,4,NO
NiBSplineInterpolator,4,NO
NiBSplinePoint3Interpolator,5,NO
NiBSplineTransformInterpolator,10,NO
NiBezierMesh,22,NO
NiBezierTriangle4,9,NO
NiBinaryExtraData,2,NO
NiBinaryVoxelData,10,NO
NiBinaryVoxelExtraData,3,NO
NiBlendBoolInterpolator,3,NO
NiBlendFloatInterpolator,3,NO
NiBlendInterpolator,2,NO
NiBlendPoint3Interpolator,3,NO
NiBlendTransformInterpolator,2,NO
NiBone,15,NO
NiBoneLODController,15,NO
NiBoolData,1,NO
NiBoolInterpController,7,NO
NiBoolInterpolator,2,NO
NiBoolTimelineInterpolator,2,NO
NiCamera,27,NO
NiClod,16,NO
NiClodData,28,NO
NiClodSkinInstance,4,NO
NiCollisionObject,1,NO
NiColorExtraData,2,NO
NiControllerManager,11,NO
NiControllerSequence,5,NO
NiDataStream,10,NO
NiDefaultAVObjectPalette,3,NO
NiDynamicEffect,13,NO
NiEnvMappedTriShape,10,NO
NiEnvMappedTriShapeData,24,NO
NiExtraData,1,NO
NiExtraDataController,7,NO
NiFloatExtraData,2,NO
NiFloatExtraDataController,10,NO
NiFloatInterpController,7,NO
NiFloatInterpolator,2,NO
NiFloatsExtraData,3,NO
NiFurSpringController,13,NO
NiGeomMorpherController,10,NO
NiGeometry,16,NO
NiGeometryData,18,NO
NiGravity,7,NO
NiImage,5,NO
NiInstancingMeshModifier,4,NO
NiIntegersExtraData,3,NO
NiInterpController,7,NO
NiLODNode,18,NO
NiLight,17,NO
NiLightDimmerController,7,NO
NiLightIntensityController,7,NO
NiLines,16,NO
NiLinesData,19,NO
NiLookAtInterpolator,9,NO
NiMesh,23,NO
NiMeshModifier,4,NO
NiMorphController,7,NO
NiMorphData,4,NO
NiMorphMeshModifier,8,NO
NiMorphWeightsController,12,NO
NiMorpherController,8,NO
NiMultiTargetTransformController,9,NO
NiMultiTextureProperty,7,NO
NiObjectNET,4,NO
NiPSBombForce,11,NO
NiPSBoundUpdater,2,NO
NiPSBoxEmitter,49,NO
NiPSCylinderEmitter,23,NO
NiPSDragForce,10,NO
NiPSEmitParticlesCtlr,9,NO
NiPSEmitterDeclinationCtlr,8,NO
NiPSEmitterDeclinationVarCtlr,8,NO
NiPSEmitterLifeSpanCtlr,8,NO
NiPSEmitterPlanarAngleCtlr,8,NO
NiPSEmitterPlanarAngleVarCtlr,8,NO
NiPSEmitterRadiusCtlr,9,NO
NiPSEmitterRotAngleCtlr,8,NO
NiPSEmitterRotAngleVarCtlr,8,NO
NiPSEmitterRotSpeedCtlr,8,NO
NiPSEmitterRotSpeedVarCtlr,8,NO
NiPSEmitterSpeedCtlr,9,NO
NiPSFacingQuadGenerator,12,NO
NiPSForceActiveCtlr,9,NO
NiPSGravityForce,36,NO
NiPSGravityStrengthCtlr,9,NO
NiPSMeshEmitter,27,NO
NiPSMeshParticleSystem,37,NO
NiPSParticleSystem,33,NO
NiPSPlanarCollider,7,NO
NiPSResetOnLoopCtlr,7,NO
NiPSSimulator,6,NO
NiPSSimulatorCollidersStep,2,NO
NiPSSimulatorForcesStep,2,NO
NiPSSimulatorGeneralStep,5,NO
NiPSSimulatorMeshAlignStep,3,NO
NiPSSphereEmitter,22,NO
NiPSSphericalCollider,7,NO
NiPSysAirFieldAirFrictionCtlr,9,NO
NiPSysAirFieldInheritVelocityCtlr,9,NO
NiPSysAirFieldModifier,16,NO
NiPSysAirFieldSpreadCtlr,9,NO
NiPSysBombModifier,10,NO
NiPSysCollider,7,NO
NiPSysCylinderEmitter,17,NO
NiPSysDragFieldModifier,11,NO
NiPSysEmitter,14,NO
NiPSysEmitterDeclinationCtlr,9,NO
NiPSysEmitterDeclinationVarCtlr,9,NO
NiPSysEmitterInitialRadiusCtlr,9,NO
NiPSysEmitterLifeSpanCtlr,9,NO
NiPSysEmitterPlanarAngleCtlr,9,NO
NiPSysEmitterPlanarAngleVarCtlr,9,NO
NiPSysEmitterSpeedCtlr,9,NO
NiPSysFieldAttenuationCtlr,9,NO
NiPSysFieldMagnitudeCtlr,9,NO
NiPSysFieldMaxDistanceCtlr,9,NO
NiPSysFieldModifier,9,NO
NiPSysGravityFieldModifier,10,NO
NiPSysGravityStrengthCtlr,9,NO
NiPSysInitialRotAngleCtlr,9,NO
NiPSysInitialRotAngleVarCtlr,9,NO
NiPSysInitialRotSpeedCtlr,9,NO
NiPSysInitialRotSpeedVarCtlr,9,NO
NiPSysModifier,4,NO
NiPSysModifierBoolCtlr,8,NO
NiPSysModifierCtlr,8,NO
NiPSysModifierFloatCtlr,9,NO
NiPSysRadialFieldModifier,10,NO
NiPSysSphericalCollider,8,NO
NiPSysTrailEmitter,25,NO
NiPSysTurbulenceFieldModifier,10,NO
NiPSysVolumeEmitter,15,NO
NiPSysVortexFieldModifier,10,NO
NiPalette,3,NO
NiParticleBomb,10,NO
NiParticleColorModifier,3,NO
NiParticleGrowFade,4,NO
NiParticleMeshModifier,4,NO
NiParticleMeshes,16,NO
NiParticleMeshesData,27,NO
NiParticleModifier,2,NO
NiParticleRotation,5,NO
NiParticleSystemController,37,NO
NiParticles,16,NO
NiParticlesData,26,NO
NiPathController,14,NO
NiPathInterpolator,7,NO
NiPersistentSrcTextureRendererData,18,NO
NiPhysXActorDesc,15,NO
NiPhysXBodyDesc,0,NO
NiPhysXD6JointDesc,0,NO
NiPhysXKinematicSrc,0,NO
NiPhysXMaterialDesc,3,NO
NiPhysXMeshDesc,17,NO
NiPhysXProp,11,NO
NiPhysXPropDesc,8,NO
NiPhysXShapeDesc,16,NO
NiPhysXTransformDest,3,NO
NiPlanarCollider,19,NO
NiPoint3InterpController,9,NO
NiPoint3Interpolator,2,NO
NiPortal,16,NO
NiProperty,4,NO
NiRangeLODData,3,NO
NiRawImageData,5,NO
NiRenderObject,15,NO
NiRollController,8,NO
NiRoom,23,NO
NiRoomGroup,18,NO
NiRotatingParticles,16,NO
NiRotatingParticlesData,26,NO
NiScreenElements,16,NO
NiScreenElementsData,33,NO
NiScreenLODData,6,NO
NiSequence,5,NO
NiSequenceStreamHelper,4,NO
NiShadowGenerator,12,NO
NiSingleInterpController,7,NO
NiSkinningLODController,7,NO
NiSkinningMeshModifier,11,NO
NiSourceCubeMap,13,NO
NiSphericalCollider,8,NO
NiStringPalette,1,NO
NiStringsExtraData,3,NO
NiSwitchNode,17,NO
NiTexture,4,NO
NiTextureModeProperty,7,NO
NiTextureProperty,6,NO
NiTimeController,7,NO
NiTransformController,8,NO
NiTransformData,7,NO
NiTransformInterpolator,4,NO
NiTransparentProperty,5,NO
NiTriBasedGeom,16,NO
NiTriBasedGeomData,19,NO
NiTriShapeSkinController,11,NO
NiTriStrips,16,NO
NiTriStripsData,23,NO
NiVectorExtraData,3,NO
NiVertWeightsExtraData,4,NO
NiWireframeProperty,5,NO
RootCollisionNode,15,NO
SkyShaderProperty,11,NO
TallGrassShaderProperty,9,NO
TileShaderProperty,10,NO
VolumetricFogShaderProperty,8,NO
WaterShaderProperty,8,NO
bhkAabbPhantom,3,NO
bhkBallAndSocketConstraint,4,NO
bhkBallSocketConstraintChain,11,NO
bhkBlendCollisionObject,5,NO
bhkBlendController,8,NO
bhkBoxShape,5,NO
bhkBreakableConstraint,6,NO
bhkCapsuleShape,7,NO
bhkCollisionObject,3,NO
bhkCompressedMeshShape,11,NO
bhkCompressedMeshShapeData,24,NO
bhkConstraint,3,NO
bhkConvexListShape,6,NO
bhkConvexShape,2,NO
bhkConvexTransformShape,5,NO
bhkConvexVerticesShape,7,NO
bhkEntity,2,NO
bhkHingeConstraint,4,NO
bhkLimitedHingeConstraint,4,NO
bhkLiquidAction,7,NO
bhkListShape,6,NO
bhkMalleableConstraint,6,NO
bhkMeshShape,4,NO
bhkMoppBvTreeShape,8,NO
bhkMultiSphereShape,6,NO
bhkNiCollisionObject,3,NO
bhkNiTriStripsShape,11,NO
bhkOrientHingedBodyAction,1,NO
bhkPCollisionObject,3,NO
bhkPackedNiTriStripsShape,12,NO
bhkPhantom,2,NO
bhkPrismaticConstraint,4,NO
bhkRagdollConstraint,4,NO
bhkRagdollTemplate,3,NO
bhkRagdollTemplateData,8,NO
bhkRigidBody,35,NO
bhkRigidBodyT,35,NO
bhkSPCollisionObject,3,NO
bhkShapePhantom,2,NO
bhkSimpleShapePhantom,5,NO
bhkSphereRepShape,2,NO
bhkSphereShape,2,NO
bhkStiffSpringConstraint,4,NO
bhkTransformShape,5,NO
bhkWorldObject,2,NO
hkPackedNiTriStripsData,4,NO
