SCRIPT,SHA256,BYTES
negctl_receiver.py,C30C858586F24CBB7D6F064410292569A6A61A179B6B7D5EE1596D95138C4AFF,16834
package_manifest.py,D06BC6CF7118408A680CB153A1510C49968ECB61A641FBB68BB985C19D57F823,3357
phase_a_thunk.py,39ED41ED116532BE12179B88A6154F5D93F01E27C81F9E73006A10859CA42F08,11141
phase_b_rtti.py,D7AEE05A5CD0F94F769006E70C769CF6DAF97BA0FCA4BD806F6351419FE07537,15505
phase_c_anchor.py,AA7B01D7D54B31604309D88A19E5C25F459FD62D29F22D9C29969016A5814D0E,48831
phase_c_census.py,FE3CFC48096690489F2D76F92E1A3FED8D9F58DE675079A03B0F4FDF28B52FEE,28876
phase_d_callers.py,81D5E7E3365409E8142F9137CAAD3A78EACD518199B5AC845A03294D1A375FCC,17977
phase_e_disposition.py,693F4DA4B338D5E0E62CF318F39464BFAC8939808AE15743AD79E80DF2E0BD57,9804
probe_identity.py,8CFD06E48CAEFB65B64552A5BA6DE5669F4E8C19676EC637E683BAD9C59DADAB,6143
s0_common.py,1FA0B9684CD156C6CD7A8440B2699BD9535BC751B85C94E4523697F9824D7BB7,65364
