mesh_idx,mesh_name,parent,local_T,local_S,world_T,world_T_r1_superseded,changed_vs_r1,bbox_local_min,bbox_local_max,bbox_world_min,bbox_world_max,nverts,ntris,props
32,GeoTexanim01:0,29,"[-513.236328125, 36.73770523071289, -1053.3555908203125]",1.0,"[1848.2847111148885, -1060.1983476403732, 560.7472761973777]","[1885.02246064729, -6.84275826245346, 47.51094828317681]",True,"[-3447.68505859375, -36.737674713134766, -873.9649047851562]","[523.896484375, 3736.257568359375, 2994.64111328125]","[-1887.9728571205114, -1934.1632054015663, 36.85079203643215]","[1885.0224155426292, 1934.4428152946136, 4008.432335375519]",56,28,"[35, 19]"
37,Bip01_item:0,27,"[0.0, 0.0, 0.0]",1.0,"[0.0, 0.0, 0.0]","[0.0, 0.0, 0.0]",False,"[-50.0, -50.0, 0.0]","[50.0, 50.0, 100.0]","[-50.00000210703206, -50.00000212136862, -1.2652602576768146e-08]","[50.000002101547736, 50.000002101547736, 100.0000000126526]",24,12,[]
43,B_Eu_Slum_Building_b047_01:0,42,"[0.0, 0.0, 0.0]",1.0,"[0.0, 0.0, 0.0]","[0.0, 0.0, 0.0]",False,"[-2000.0, -2000.0, 530.0]","[2000.0, 2000.0, 15620.0]","[-2000.0, -2000.0, 530.0]","[2000.0, 2000.0, 15620.0]",142,56,[4]
45,B_Eu_Slum_Building_b047_01:1,42,"[0.0, 0.0, 0.0]",1.0,"[0.0, 0.0, 0.0]","[0.0, 0.0, 0.0]",False,"[-2000.0, -2000.0, 29.999998092651367]","[2000.0, 2000.0001220703125, 5746.275390625]","[-2000.0, -2000.0, 29.999998092651367]","[2000.0, 2000.0001220703125, 5746.275390625]",309,128,[5]
47,B_Eu_Slum_Building_b047_01:2,42,"[0.0, 0.0, 0.0]",1.0,"[0.0, 0.0, 0.0]","[0.0, 0.0, 0.0]",False,"[-2500.0, -2500.0, 0.0]","[2500.0, 2500.0, 13623.0]","[-2500.0, -2500.0, 0.0]","[2500.0, 2500.0, 13623.0]",338,146,[6]
49,B_Eu_Slum_Building_b047_01:3,42,"[0.0, 0.0, 0.0]",1.0,"[0.0, 0.0, 0.0]","[0.0, 0.0, 0.0]",False,"[-2000.0, -2000.0, 1030.0]","[2000.0, 2000.0, 13623.0]","[-2000.0, -2000.0, 1030.0]","[2000.0, 2000.0, 13623.0]",401,182,[7]
51,B_Eu_Slum_Building_b047_01:4,42,"[0.0, 0.0, 0.0]",1.0,"[0.0, 0.0, 0.0]","[0.0, 0.0, 0.0]",False,"[-2126.629150390625, -2126.924072265625, 29.999998092651367]","[2127.78759765625, 2127.726806640625, 30.0]","[-2126.629150390625, -2126.924072265625, 29.999998092651367]","[2127.78759765625, 2127.726806640625, 30.0]",16,16,[8]
53,B_Eu_Slum_Building_b047_01:5,42,"[0.0, 0.0, 0.0]",1.0,"[0.0, 0.0, 0.0]","[0.0, 0.0, 0.0]",False,"[-2500.0, -2500.0, 29.999998092651367]","[2500.0, 2500.0, 30.0]","[-2500.0, -2500.0, 29.999998092651367]","[2500.0, 2500.0, 30.0]",8,8,[9]
55,B_Eu_Slum_Building_b047_01:6,42,"[0.0, 0.0, 0.0]",1.0,"[0.0, 0.0, 0.0]","[0.0, 0.0, 0.0]",False,"[-2000.0, -2000.0, 29.999984741210938]","[2000.0, 2000.0, 13523.0]","[-2000.0, -2000.0, 29.999984741210938]","[2000.0, 2000.0, 13523.0]",437,172,[10]
57,B_Eu_Slum_Building_b047_01:7,42,"[0.0, 0.0, 0.0]",1.0,"[0.0, 0.0, 0.0]","[0.0, 0.0, 0.0]",False,"[-1900.0, -1920.0, 29.999998092651367]","[1900.0, 1920.0001220703125, 3999.99951171875]","[-1900.0, -1920.0, 29.999998092651367]","[1900.0, 1920.0001220703125, 3999.99951171875]",54,20,[11]
60,B_Eu_b047_gloss:0,59,"[0.0, 0.0, 0.0]",1.0,"[0.0, 0.0, 0.0]","[0.0, 0.0, 0.0]",False,"[-1900.0, -1900.0, 1233.396728515625]","[1900.0, 1900.0, 13525.0]","[-1900.0, -1900.0, 1233.396728515625]","[1900.0, 1900.0, 13525.0]",86,32,[12]
66,B_Eu_b047_glowsak:0,63,"[401.14190673828125, -1611.4522705078125, -368.0000305175781]",1.0,"[401.14190673828125, -1611.4522705078125, -368.0000305175781]","[0.0, 0.0, 0.0]",True,"[-1380.669677734375, -116.70951080322266, 399.9999694824219]","[586.584228515625, 3743.969970703125, 900.1507568359375]","[-979.5277709960938, -1728.1617813110352, 31.99993896484375]","[987.7261352539062, 2132.5177001953125, 532.1507263183594]",40,20,"[68, 67, 14]"
72,B_Eu_b047_Object06:0,70,"[-10591.814453125, -839.7012939453125, 1536.7515869140625]",1.0,"[-10591.814453125, -1541.212338826197, 23.96791517472593]","[0.0, -4.460693359375, 863.6688842773438]",True,"[8589.814453125, 307.7995910644531, -3543.211669921875]","[12593.814453125, 1371.602783203125, 469.7086486816406]","[-2002.0, -2010.9207414749962, 331.7668562513991]","[2002.0, 2001.9991808020422, 1395.5707006144057]",122,56,[15]
75,B_Eu_b047_DoorComputer:0,74,"[14.190637588500977, 0.0, -229.7109832763672]",1.0,"[-573.9036856776096, -1356.1593780517578, 534.1768504891093]","[-573.9036865234375, -1585.870361328125, 519.9862060546875]",True,"[-28.38127899169922, -1233.225341796875, 211.0857696533203]","[0.00010826598736457527, 76.61480712890625, 248.33621215820312]","[-650.5184944981719, -1604.4955924932601, 505.79556319071844]","[659.3216561192718, -1567.245141469677, 534.1768510481597]",216,80,[16]
78,B_Eu_b047_Galler:0,77,"[0.0, 0.0, 0.0]",1.0,"[0.0, 0.0, 0.0]","[0.0, 0.0, 0.0]",False,"[-1800.0, -1979.208251953125, 1900.0]","[1800.0, 1969.21142578125, 3999.99951171875]","[-1800.0, -1979.208251953125, 1900.0]","[1800.0, 1969.21142578125, 3999.99951171875]",24,8,"[79, 17]"
82,B_Eu_b047_Object07:0,81,"[-2039.11669921875, 3.0517578125e-05, -65.0]",1.0,"[144.25463867187045, -6.843111376303414, 0.0]","[-1894.862060546875, -6.842772960662842, 65.0]",True,"[-1747.6568603515625, -1006.8433227539062, 30.0]","[2039.11669921875, 999.9999389648438, 100.0]","[-1894.8622115426729, -1006.8427424430847, 30.0]","[1891.9114069119235, 999.9999474887895, 100.0]",12,4,"[83, 18]"
86,dPVS_occ01:0,85,"[0.0, 0.0, 0.0]",1.0,"[0.0, 0.0, 0.0]","[0.0, 0.0, 0.0]",False,"[-1890.0001220703125, -1890.0, 0.0]","[1890.0, -1493.5272216796875, 4420.0]","[-1890.0001220703125, -1890.0, 0.0]","[1890.0, -1493.5272216796875, 4420.0]",36,18,[87]
90,dPVS_occ02:0,89,"[0.0, -7.895967428339645e-06, 4420.0]",1.0,"[0.0, -7.895967428339645e-06, 4420.0]","[0.0, 0.0, 0.0]",True,"[-1590.0, -1590.0, 0.0]","[1590.0, 1590.0, 3300.0]","[-1590.0, -1590.0000078959674, 4420.0]","[1590.0, 1589.9999921040326, 7720.0]",24,12,[91]
94,dPVS_occ03:0,93,"[0.0, -7.895967428339645e-06, 7720.0]",1.0,"[0.0, -7.895967428339645e-06, 7720.0]","[0.0, 0.0, 0.0]",True,"[-1255.0, -1255.0, 0.0]","[1255.0, 1255.0, 2170.0]","[-1255.0, -1255.0000078959674, 7720.0]","[1255.0, 1254.9999921040326, 9890.0]",20,10,[95]
98,dPVS_occ04:0,97,"[0.0, 0.0, 0.0]",1.0,"[0.0, 0.0, 0.0]","[0.0, 0.0, 0.0]",False,"[-1890.0001220703125, -1890.0, 0.0]","[-1890.0, 1890.0, 4420.0]","[-1890.0001220703125, -1890.0, 0.0]","[-1890.0, 1890.0, 4420.0]",6,2,[99]
102,dPVS_occ05:0,101,"[0.0, 0.0, 0.0]",1.0,"[0.0, 0.0, 0.0]","[0.0, 0.0, 0.0]",False,"[-1890.0, 1890.0, 0.0]","[1890.0, 1890.0, 4420.0]","[-1890.0, 1890.0, 0.0]","[1890.0, 1890.0, 4420.0]",6,2,[103]
106,dPVS_occ06:0,105,"[0.0, 0.0, 0.0]",1.0,"[0.0, 0.0, 0.0]","[0.0, 0.0, 0.0]",False,"[1890.0, -1890.0, 0.0]","[1890.0, 1890.0, 4420.0]","[1890.0, -1890.0, 0.0]","[1890.0, 1890.0, 4420.0]",4,2,[107]
110,dPVS_occ07:0,109,"[0.0, 0.0, 0.0]",1.0,"[0.0, 0.0, 0.0]","[0.0, 0.0, 0.0]",False,"[-1890.0001220703125, -1890.0, 4420.0]","[1890.0, 1890.0, 4420.0]","[-1890.0001220703125, -1890.0, 4420.0]","[1890.0, 1890.0, 4420.0]",6,2,[111]
115,B_Eu_b047_lens 1	01:0,113,"[0.0, 0.0, -534.6338500976562]",1.0,"[-1277.754638671875, -1274.89208984375, 10611.299743652344]","[-1277.754638671875, -1274.89208984375, 11145.93359375]",True,"[-172.39382934570312, -183.3980712890625, 534.6337890625]","[172.39382934570312, 183.3980712890625, 534.6337890625]","[-1450.1484840507467, -1458.2901762039596, 11145.933532714844]","[-1105.3607932930033, -1091.4940034835404, 11145.933532714844]",4,2,"[117, 116, 20]"
121,B_Eu_b047_lens 1	02:0,119,"[0.0, 0.0, -534.6338500976562]",1.0,"[1274.0029296875, -1273.4169921875, 10414.790954589844]","[1274.0029296875, -1273.4169921875, 10949.4248046875]",True,"[-172.39382934570312, -183.3980712890625, 534.6337890625]","[172.39382934570312, 183.3980712890625, 534.6337890625]","[1101.6090843086283, -1456.8150785477096, 10949.424743652344]","[1446.3967750663717, -1090.0189058272904, 10949.424743652344]",4,2,"[123, 122, 21]"
127,B_Eu_b047_lens 1	03:0,125,"[0.0, 0.0, -534.6338500976562]",1.0,"[1067.87353515625, -2015.923828125, 3859.6659545898438]","[1067.87353515625, -2015.923828125, 4394.2998046875]",True,"[-172.39382934570312, -183.3980712890625, 534.6337890625]","[172.39382934570312, 183.3980712890625, 534.6337890625]","[895.4796897773783, -2199.3219144852096, 4394.299743652344]","[1240.2673805351217, -1832.5257417647904, 4394.299743652344]",4,2,"[129, 128, 22]"
133,B_Eu_b047_lens 1	04:0,131,"[0.0, 0.0, -534.6338500976562]",1.0,"[-1030.3570556640625, -2015.923828125, 3859.6659545898438]","[-1030.3570556640625, -2015.923828125, 4394.2998046875]",True,"[-172.39382934570312, -183.3980712890625, 534.6337890625]","[172.39382934570312, 183.3980712890625, 534.6337890625]","[-1202.7509010429342, -2199.3219144852096, 4394.299743652344]","[-857.9632102851908, -1832.5257417647904, 4394.299743652344]",4,2,"[135, 134, 23]"
139,B_Eu_b047_lens 1	05:0,137,"[0.0, 0.0, -534.6338500976562]",1.0,"[1044.7760009765625, 2012.468505859375, 3859.6659545898438]","[1044.7760009765625, 2012.468505859375, 4394.2998046875]",True,"[-172.39382934570312, -183.3980712890625, 534.6337890625]","[172.39382934570312, 183.3980712890625, 534.6337890625]","[872.3821555976908, 1829.0704194991654, 4394.299743652344]","[1217.1698463554342, 2195.8665922195846, 4394.299743652344]",4,2,"[141, 140, 24]"
145,B_Eu_b047_lens 1	06:0,143,"[0.0, 0.0, -534.6338500976562]",1.0,"[-1030.3570556640625, 2012.468505859375, 3859.6659545898438]","[-1030.3570556640625, 2012.468505859375, 4394.2998046875]",True,"[-172.39382934570312, -183.3980712890625, 534.6337890625]","[172.39382934570312, 183.3980712890625, 534.6337890625]","[-1202.7509010429342, 1829.0704194991654, 4394.299743652344]","[-857.9632102851908, 2195.8665922195846, 4394.299743652344]",4,2,"[147, 146, 25]"
151,B_Eu_b047_lens 1	07:0,149,"[0.0, 0.0, -534.6338500976562]",1.0,"[1280.0499267578125, 1286.6641845703125, 9968.133728027344]","[1280.0499267578125, 1286.6641845703125, 10502.767578125]",True,"[-172.39382934570312, -183.3980712890625, 534.6337890625]","[172.39382934570312, 183.3980712890625, 534.6337890625]","[1107.6560813789408, 1103.2660982101029, 10502.767517089844]","[1452.4437721366842, 1470.0622709305221, 10502.767517089844]",4,2,"[153, 152, 26]"
