gate_id,description,threshold,actual,verdict
G1,read-only discipline (zero client runtime; originals untouched),enforced,trace/binary/registry reads only; ctypes EnumDisplayDevices read-only,PASS
G2,manifest contradiction settled byte-level,.rsrc type census,types 3/14/16 ONLY; NO RT_MANIFEST(24) — night-child correct; night-2 label falsified,PASS
G3,MSVCR80 mechanism empirical,Load Image row in trace,WinSxS store direct load SUCCESS (WIN_SXS_STORE_FALLBACK),PASS
G4,death window independently decoded,full last-40 ops,display enum (Video0+Class key NAME NOT FOUND+Video1) -> 6 thread exits -> Process Exit -1,PASS
G5,d3d8/d3d9 never loaded,0 rows each,d3d8: 0; d3d9: 0 — death BEFORE any D3D route,PASS
G6,exe display-import census,expected zero,24 DLLs walked: ZERO display APIs; ExitProcess NOT imported (-1 = WinMain return),PASS
G7,environment measurement reproducible,instrument saved,display_env_measurement.py (ctypes+winreg; 6 RDP adapters; ZERO PRIMARY_DEVICE; 1-mode lists),PASS
G8,my own false-negative corrected,case-sensitivity,MatchingDeviceId (lowercase d) EXISTS in class keys — corrected in the report,PASS
G9,no payloads in repo,identity metadata only,trace CSV referenced by path+SHA (LOCAL-ONLY; not committed),PASS
